segment_id,material,risk_method,risk_score,risk_band
64b4e43a-3e36-4431-a88b-aebb68373538,CON,PCCP_RULE,2.0,Medium
d4478a03-bf9f-49da-8585-989067ef8ef3,CON,PCCP_RULE,1.0,Low
8bd60280-d20b-495f-baae-3135f9c960d8,CON,PCCP_RULE,1.0,Low
458eee8f-f07e-4b8c-a41e-a31add306cd9,CON,PCCP_RULE,2.0,Medium
4ec02459-8053-4c29-91fb-98cc13bdf089,CON,PCCP_RULE,2.0,Medium
e0f45bd7-86d4-4ec4-ace6-f8689a282dbf,CON,PCCP_RULE,2.0,Medium
5794aa19-fc26-492c-a45a-c59bdfaec828,CON,PCCP_RULE,1.0,Low
6f3712ac-cc88-4858-b7c7-a95e70d88692,CON,PCCP_RULE,1.0,Low
1df9e9b5-6ba0-4948-a72a-a0a065d56eed,CON,PCCP_RULE,1.0,Low
4658b41a-f1a5-49ee-9cc9-01600df57d04,CON,PCCP_RULE,2.0,Medium
fb759f4a-0e45-4117-9433-1c22d89bd885,CON,PCCP_RULE,1.0,Low
fac2819a-11ee-47ee-af47-7f97a1c75b64,CON,PCCP_RULE,2.0,Medium
9aac2b03-9e14-4645-9bc7-18481278523e,CON,PCCP_RULE,3.0,High
51956cc2-fa47-4bb5-b120-39defa4f3276,CON,PCCP_RULE,1.0,Low
9c1e9869-bc1d-4574-b4ec-56e69215532a,CON,PCCP_RULE,2.0,Medium
b3e5ab83-dd56-45c6-8abe-aa450a21eb34,CON,PCCP_RULE,2.0,Medium
80d213e6-e93a-44a4-819f-b65b088e2ea5,CON,PCCP_RULE,2.0,Medium
3cb36de5-a3cb-4aa6-a37a-21edd2fc28a7,CON,PCCP_RULE,1.0,Low
11fe6a63-ccbc-4b49-ac2f-bb10c0ff91cb,CON,PCCP_RULE,2.0,Medium
b157bd63-cb1a-4f0b-818d-684ab5797b93,CON,PCCP_RULE,2.0,Medium
34db6d08-49e4-418a-8be8-c13b503535fc,CON,PCCP_RULE,1.0,Low
726be236-eec9-4d7a-b405-d1263d21d674,CON,PCCP_RULE,1.0,Low
a605bc7a-dbfd-409c-baed-63173e9c3e5a,CON,PCCP_RULE,1.0,Low
8162007c-8866-42c5-99c3-35cf07a058fb,CON,PCCP_RULE,1.0,Low
df481398-02a1-45c4-9dc8-cc89b31d45d4,CON,PCCP_RULE,1.0,Low
6ccb998d-2a09-4440-9f65-b7233e502a88,CON,PCCP_RULE,3.0,High
91906961-071e-46b1-be8f-7a548bea3b9f,CON,PCCP_RULE,2.0,Medium
bc2b3042-05ce-487f-a725-c7d8dfc385fb,CON,PCCP_RULE,1.0,Low
54a37261-2936-4a65-ab5f-15edbc628b65,CON,PCCP_RULE,1.0,Low
a9cd92c1-f97d-4b52-9083-c2f7fd689350,CON,PCCP_RULE,1.0,Low
1ea300b4-09b4-478d-b053-9e9b0f77ea9b,CON,PCCP_RULE,2.0,Medium
928f6037-b3b4-45b4-b8d3-48fdf4831a6b,CON,PCCP_RULE,2.0,Medium
d5f3b0a7-94a9-41da-902c-fa278ec5b28f,CON,PCCP_RULE,3.0,High
6e3b3bac-540e-4abe-b0e3-1f3221208d75,CON,PCCP_RULE,3.0,High
06210fe0-3dfe-4097-b0f9-c5455e549af4,CON,PCCP_RULE,1.0,Low
4dbd48d5-78b0-4693-b392-036c4b51ccc8,CON,PCCP_RULE,1.0,Low
0f83e5e8-8ffe-4c18-8667-afe8c70a0b62,CON,PCCP_RULE,1.0,Low
4ab81d5f-0516-4b54-88a5-33d14f5d756f,CON,PCCP_RULE,2.0,Medium
b97ed2d9-b9ee-4fd4-b6f2-48d184916e11,CON,PCCP_RULE,2.0,Medium
e330f6c8-7a45-42be-a865-374765595386,CON,PCCP_RULE,2.0,Medium
680a94e5-28f0-4e07-90f0-16b19b460337,CON,PCCP_RULE,2.0,Medium
6931cea7-8e42-43ce-a4a3-16e123706b37,CON,PCCP_RULE,2.0,Medium
96de7528-8c0d-4690-b952-0e6ace8c6683,CON,PCCP_RULE,2.0,Medium
45af7c9b-f176-44ac-a087-61caea1a6715,CON,PCCP_RULE,2.0,Medium
e8d114f3-57a2-4d6c-8988-fb6ce7ad4005,CON,PCCP_RULE,1.0,Low
9df1fd31-c4a1-490f-a6cc-173b49ab2e73,CON,PCCP_RULE,2.0,Medium
65b35a7f-2d21-4af2-b2b6-cfcce244408e,CON,PCCP_RULE,2.0,Medium
58c985e5-b01d-4288-b2b0-d852b3f9edef,CON,PCCP_RULE,2.0,Medium
cc23a43e-f4a0-4f9f-8f8d-aae8fc69d41b,CON,PCCP_RULE,1.0,Low
dea0cf0f-b205-48e9-a645-68c2e77289f1,CON,PCCP_RULE,1.0,Low
64cb4f08-7999-4e94-b919-1366ee95b220,CON,PCCP_RULE,1.0,Low
289b78ed-4bc6-438b-8de3-c9c3d1eee9be,CON,PCCP_RULE,2.0,Medium
912ffe4c-e6b7-4d64-9941-e2ce93093f97,CON,PCCP_RULE,2.0,Medium
7fd54c51-b0cc-4510-8c3e-9156a1c20802,CON,PCCP_RULE,2.0,Medium
4b0f2420-b2eb-4074-9b7f-8f001ea96428,CON,PCCP_RULE,1.0,Low
690311d4-bd76-4641-983e-78950db62153,CON,PCCP_RULE,1.0,Low
8e31d327-54d9-4800-85f2-15945f317d98,CON,PCCP_RULE,1.0,Low
460da3da-54e4-477d-9bf1-acb82fb7dfba,CON,PCCP_RULE,1.0,Low
016df749-7ecd-4d9f-b0c9-e5462e5c7566,CON,PCCP_RULE,1.0,Low
c84e7fc3-92e5-4efe-9504-7c44ab6006e9,CON,PCCP_RULE,1.0,Low
d7a99a86-c3c2-4cda-b14f-dd8181e33e6c,CON,PCCP_RULE,1.0,Low
e404492a-1566-46d8-8e1c-aad5ccdc062d,CON,PCCP_RULE,1.0,Low
88f5a68e-1b2b-4b82-a143-b719addcec5d,CON,PCCP_RULE,1.0,Low
63a03839-2aef-4bb5-8d87-43b3e9d3c094,CON,PCCP_RULE,2.0,Medium
bb53e1aa-c412-486d-8a7e-844aa6ef050e,CON,PCCP_RULE,2.0,Medium
ecd16273-f261-4d60-b2c9-d25ed34e8ec5,CON,PCCP_RULE,1.0,Low
276450b2-a581-4019-b9ea-bb103310336b,CON,PCCP_RULE,1.0,Low
07bf657b-68ae-41ce-a2e1-35e53704a5ef,CON,PCCP_RULE,1.0,Low
8050edb3-599f-42e5-839f-86b76d34f95b,CON,PCCP_RULE,2.0,Medium
93c8e047-5300-4b1a-8a62-56de5b4ddb1b,CON,PCCP_RULE,2.0,Medium
55e34572-1a02-4799-8ab3-610abb57773b,CON,PCCP_RULE,2.0,Medium
6da35cdf-0d62-41d5-91c8-ebf7e0b1215a,CON,PCCP_RULE,2.0,Medium
8abba8b3-676f-4d76-80cd-685a2b539ae7,CON,PCCP_RULE,2.0,Medium
9a6e101e-8015-464d-ba69-bf23dbb55986,CON,PCCP_RULE,1.0,Low
c8d9880d-6d76-49bb-b989-8475e4dbf40b,CON,PCCP_RULE,3.0,High
d9371124-e0cf-41c6-a833-5d65572de3d6,CON,PCCP_RULE,3.0,High
e78e13f0-ad58-4b92-99e7-57c55ec4bb5b,CON,PCCP_RULE,1.0,Low
a336e093-6a74-426c-9216-9f43d1d59ddf,CON,PCCP_RULE,2.0,Medium
a788828c-adae-4748-8c85-c16fc9ab7ab1,CON,PCCP_RULE,2.0,Medium
1862e1c7-aa4e-423f-951a-5252113a6302,CON,PCCP_RULE,3.0,High
22a080d8-0f12-4131-8f29-5db6990b8d2e,CON,PCCP_RULE,3.0,High
bbd21248-c68d-49f6-a942-dc20fcd42d5d,CON,PCCP_RULE,2.0,Medium
d335772a-0dcc-4462-bf81-11f8bc55af89,CON,PCCP_RULE,1.0,Low
427e33ee-e494-413c-b762-4cc9d3d81230,CON,PCCP_RULE,1.0,Low
07988991-8556-4434-bdf2-de74ad85b94a,CON,PCCP_RULE,2.0,Medium
e353aecb-37de-4ec8-b606-c34c31d2f373,CON,PCCP_RULE,1.0,Low
fb43613c-2d07-443b-a3c5-59398a8bbc24,CON,PCCP_RULE,1.0,Low
e6c28d0e-10b2-4d60-b610-f025c672b650,CON,PCCP_RULE,1.0,Low
80b966be-4597-42e6-8c15-3115312a4f02,CON,PCCP_RULE,1.0,Low
7d3ee9f9-3643-4f93-861c-bb18f569f4fd,CON,PCCP_RULE,2.0,Medium
70606f35-268f-4d3a-84b2-b8eb046c9ba8,CON,PCCP_RULE,2.0,Medium
21e1a861-e5f8-4041-8be1-e907a93bf3e3,CON,PCCP_RULE,1.0,Low
92b6eced-59d5-496c-83ad-0474759f0968,CON,PCCP_RULE,3.0,High
5b618eb8-0f89-41b9-be2b-dc516696461b,CON,PCCP_RULE,2.0,Medium
8507365a-075c-4a40-ab22-832eae0a41fb,CON,PCCP_RULE,3.0,High
fe4b8396-8497-43e1-ab0e-b9a95050d111,CON,PCCP_RULE,2.0,Medium
d10cd644-f123-4bb2-9307-c902840783d8,CON,PCCP_RULE,2.0,Medium
e5292bf5-ddc9-42f0-b3f7-ff1cb6443b1d,CON,PCCP_RULE,1.0,Low
d1ff7320-6438-4789-a1d8-74be841a9585,CON,PCCP_RULE,2.0,Medium
2ca88021-835f-461d-b9b5-4d856e2778a3,CON,PCCP_RULE,2.0,Medium
00f5578b-8415-4ea7-bad5-d7eda9035306,CON,PCCP_RULE,3.0,High
6a1e5319-e88d-4286-bc33-d2b7f2b06225,CON,PCCP_RULE,1.0,Low
03263b79-9ce5-4247-8ff7-e290e63b12ca,CON,PCCP_RULE,3.0,High
5366d65e-bed4-4c9b-b109-5777a2e3a57a,CON,PCCP_RULE,2.0,Medium
81e4bb96-8879-4a03-adf8-1af5072d4434,CON,PCCP_RULE,3.0,High
4a26d656-72fa-4926-9179-3530f8bd60a5,CON,PCCP_RULE,2.0,Medium
28098e06-c857-4fa9-91e8-5b43e7a1dd05,CON,PCCP_RULE,2.0,Medium
b84cdbd4-fcbf-4821-a996-2a0c63e41eac,CON,PCCP_RULE,2.0,Medium
63b87e75-a3be-4371-b646-d9fc41e602b4,CON,PCCP_RULE,1.0,Low
459d4c31-8352-436d-b8be-3e63b7777f66,CON,PCCP_RULE,1.0,Low
84ec5844-3d07-4e75-bda2-89b0cf0a7e95,CON,PCCP_RULE,1.0,Low
8656b828-62d0-4c71-aee5-dd26a355f940,CON,PCCP_RULE,3.0,High
6038db23-60fc-4fc1-96ac-e6864c29ef4e,CON,PCCP_RULE,2.0,Medium
6ecb67d8-9504-4363-87cb-11bfec10cf2a,CON,PCCP_RULE,3.0,High
b25f2115-a82a-4716-bdab-44c2f681f8d9,CON,PCCP_RULE,2.0,Medium
e567c404-e942-4dfe-a6c8-da090e20cc9e,CON,PCCP_RULE,1.0,Low
50176201-4c76-43ad-8ca2-0826474c25ca,CON,PCCP_RULE,2.0,Medium
af956cc0-493f-4d87-b7d5-074ccdcfb7c4,CON,PCCP_RULE,2.0,Medium
9e30d4f5-5c30-413e-a364-bc608ac1bba8,CON,PCCP_RULE,1.0,Low
3718b9c7-aaa5-439b-8c03-bfd2e1f53492,CON,PCCP_RULE,1.0,Low
322614a1-0d0d-435f-97b0-f49561da9919,CON,PCCP_RULE,1.0,Low
4d534952-3d8e-437f-ba0d-dec0d07ba499,CON,PCCP_RULE,1.0,Low
5c869704-3f13-4af3-a9f8-a1df22863dac,CON,PCCP_RULE,2.0,Medium
a030baf3-149a-46cb-a8d6-07b04237389f,CON,PCCP_RULE,2.0,Medium
57f95739-715f-4356-9a92-49ccd51d2363,CON,PCCP_RULE,1.0,Low
d36c7f36-61b0-4b41-8995-b48027c208e2,CON,PCCP_RULE,1.0,Low
67d4b707-ef14-4fc3-bfe6-57452dfbd7d6,CON,PCCP_RULE,2.0,Medium
27ab747a-77f5-489a-a193-47e637a612b2,CON,PCCP_RULE,3.0,High
486ec42c-3d2e-488b-b99a-ca20e767efa5,CON,PCCP_RULE,2.0,Medium
ccdfa164-0c6c-450b-bfb6-b364bf160719,CON,PCCP_RULE,1.0,Low
62f0b34b-5e09-4804-8324-929674cf65a5,CON,PCCP_RULE,2.0,Medium
53216a04-57cb-4e0c-a5d8-06f16f919179,CON,PCCP_RULE,2.0,Medium
3da725f0-cf24-4180-a238-c661cfca488f,CON,PCCP_RULE,2.0,Medium
ce4186a4-3e94-4054-a685-822a82bb5538,CON,PCCP_RULE,2.0,Medium
6738d5a5-3b85-4939-adf8-32f005515015,CON,PCCP_RULE,1.0,Low
c688f314-e59b-49e7-bacc-4e93dd9f7e8a,CON,PCCP_RULE,1.0,Low
d4381735-08f8-4ee1-a5b2-5328a51f9bed,CON,PCCP_RULE,2.0,Medium
bf66fd48-c36b-417a-85f0-88e2768e82ff,CON,PCCP_RULE,2.0,Medium
be21625c-69fb-49d0-83cb-1e70dc22f737,CON,PCCP_RULE,1.0,Low
2b1681ef-c3c0-420a-a5e7-09f84dc7deba,CON,PCCP_RULE,1.0,Low
7df20e6e-291d-4987-8992-904a879a0954,CON,PCCP_RULE,1.0,Low
01e13b8c-8666-4f27-a54e-a030e39815a7,CON,PCCP_RULE,1.0,Low
343b2a13-c2f7-427b-bf27-98a83bbe2e28,CON,PCCP_RULE,1.0,Low
49ef5abc-68b1-4177-a23c-d3ce7ce2a4ec,CON,PCCP_RULE,1.0,Low
bc9a091f-88e0-463d-8c29-8804d51d7136,CON,PCCP_RULE,1.0,Low
54acdff6-3995-4e2f-b0f0-cbe5b7a4424b,CON,PCCP_RULE,2.0,Medium
3f9a9e71-60b2-4ab9-aeaf-cdad3434f7db,CON,PCCP_RULE,1.0,Low
dd57a977-3639-4403-af56-e59803168cd0,CON,PCCP_RULE,1.0,Low
bfbbe1b6-99ea-4c40-ac71-17ae096a7c5a,CON,PCCP_RULE,2.0,Medium
23510196-fb1b-4a8d-84cd-8aed4c2f89bb,CON,PCCP_RULE,1.0,Low
73f65592-55d3-4cc3-9f94-473e1c2360a5,CON,PCCP_RULE,1.0,Low
4c856038-e531-48b9-8568-b4c9afa9643a,CON,PCCP_RULE,1.0,Low
b14c1f1b-d876-44c8-bdda-e3d34452a55b,CON,PCCP_RULE,2.0,Medium
aaa1d49b-0310-43d6-85af-47be5d65a85a,CON,PCCP_RULE,3.0,High
12086c7f-13f8-4105-9c0e-395d36da4d11,CON,PCCP_RULE,3.0,High
72080b5a-5cca-4c3a-ac4b-25400234b8da,CON,PCCP_RULE,3.0,High
2943c521-c7e3-4e8c-8b44-0fa93e8a519f,CON,PCCP_RULE,1.0,Low
8103098c-05f2-4cad-8ae7-0b3e4b1018b1,CON,PCCP_RULE,1.0,Low
1b7f7df0-2d08-4fd3-afd1-627c300cdd1b,CON,PCCP_RULE,2.0,Medium
3d1ef81b-8af1-45c8-9319-0f44397fc13e,CON,PCCP_RULE,2.0,Medium
aa1740d2-7ce1-4f75-8e9d-5cbd5dccd478,CON,PCCP_RULE,2.0,Medium
ac0ccbeb-eff3-4bf0-b0c2-378b39cf0534,CON,PCCP_RULE,2.0,Medium
b3cf111d-5226-4fce-b5fa-6933f8c8d5f1,CON,PCCP_RULE,2.0,Medium
6ad3678d-787e-4cb6-9e7a-cf43a6da69ed,CON,PCCP_RULE,2.0,Medium
68356315-cb3d-42a3-869d-5bbcdfd2ab9c,CON,PCCP_RULE,2.0,Medium
a2fe3863-96b2-415e-ac88-43fd310dd359,CON,PCCP_RULE,2.0,Medium
23a02f58-d699-4580-a4b4-2e979e16926d,CON,PCCP_RULE,2.0,Medium
cadf4f5f-c219-4c5a-8f6c-9848116f8148,CON,PCCP_RULE,2.0,Medium
3ce2c33b-7dd3-40d8-9f8b-5f22261ee8d6,CON,PCCP_RULE,2.0,Medium
a1fcc0cf-4dcd-4be9-9f8d-5e95a56e4ea7,CON,PCCP_RULE,2.0,Medium
1357b6f3-8b16-4d71-86ac-8fa022f0babc,CON,PCCP_RULE,1.0,Low
bcbb1c76-4eb4-4b51-9b31-214d80002d30,CON,PCCP_RULE,2.0,Medium
62b9a134-8cf2-4c13-a5a8-29d979db8895,CON,PCCP_RULE,2.0,Medium
2dfe1379-f397-4755-a24f-6c366c3213cc,CON,PCCP_RULE,3.0,High
633a9d1f-24c1-4f3d-8173-e753069529be,CON,PCCP_RULE,3.0,High
b4119ee1-c678-4094-9347-5f359f4634af,CON,PCCP_RULE,3.0,High
b07cdad6-cc04-45e7-9884-680b3c4b063d,CON,PCCP_RULE,1.0,Low
0c76d4d2-0ef8-4acb-baf3-cfad915de3f4,CON,PCCP_RULE,3.0,High
66ef8327-ce5e-4de4-8dc5-87153f79028e,CON,PCCP_RULE,3.0,High
547e86cd-f016-4303-aee4-835156175f30,CON,PCCP_RULE,1.0,Low
a0b9d5c0-b3e5-4e60-9868-b71459dd0b07,CON,PCCP_RULE,1.0,Low
442645b6-a803-4611-b878-f03f852cf735,CON,PCCP_RULE,1.0,Low
6506616d-f653-4356-b5cf-6a8ad0148fad,CON,PCCP_RULE,2.0,Medium
cbfa2a61-d7b8-49a9-8a92-35e274d8fd95,CON,PCCP_RULE,2.0,Medium
7bdf9076-d7e2-4973-9fac-d4ed57db600c,CON,PCCP_RULE,2.0,Medium
5592b0f5-7e8b-44e7-ac64-e8fb6e1b2f9e,CON,PCCP_RULE,1.0,Low
577a833a-1b1a-4ddf-8996-5bbd3781c46e,CON,PCCP_RULE,1.0,Low
5da368cd-b794-41d7-8f0a-2d4bafbaa780,CON,PCCP_RULE,3.0,High
85858de6-0cfe-4625-ba5f-070927e88f0b,CON,PCCP_RULE,2.0,Medium
489a94e0-10f8-41a6-8d3a-ce6cde0024c8,CON,PCCP_RULE,2.0,Medium
18ad550e-54bc-4eb8-824c-204ae7b333e7,CON,PCCP_RULE,1.0,Low
70b8c983-85bb-490d-b395-bf6176620456,CON,PCCP_RULE,2.0,Medium
d6321f0d-f4fd-4825-ab47-c8c078943343,CON,PCCP_RULE,1.0,Low
37ee372d-e6a4-41f7-957d-4751af0e0e3b,CON,PCCP_RULE,2.0,Medium
e2d41437-aea5-40f1-8224-ca80a0969cfe,CON,PCCP_RULE,1.0,Low
9996cab5-02d1-4311-b91c-9c67b8ce98c5,CON,PCCP_RULE,1.0,Low
fe82dc19-f61d-48ab-8a8e-d5b917311a5c,CON,PCCP_RULE,3.0,High
ee52fe9b-6009-438a-b817-570c7f78c2ac,CON,PCCP_RULE,1.0,Low
a1012241-acde-4772-ab8c-ed44f39276ae,CON,PCCP_RULE,1.0,Low
f29b538d-d905-4bd9-ac47-94b9554e334d,CON,PCCP_RULE,1.0,Low
d23ab643-bf7d-4e7b-91cc-e07c63765446,CON,PCCP_RULE,2.0,Medium
d1134cc5-e97e-4ac4-b83d-b08cf2c46ed6,CON,PCCP_RULE,2.0,Medium
f34aecbb-5004-40ad-b2b3-e4ccbbb5a827,CON,PCCP_RULE,2.0,Medium
59d80318-ea0c-4978-9dc1-99b6d13f089f,CON,PCCP_RULE,2.0,Medium
33cb2151-88f0-455c-a198-7d80cf84e23a,CON,PCCP_RULE,1.0,Low
be263490-476a-4a0c-b82a-2484e5f129dd,CON,PCCP_RULE,1.0,Low
63948293-67b5-4c1c-bf10-51c7ccabff2d,CON,PCCP_RULE,1.0,Low
09866e25-37a4-42a0-a7af-61151b2a2475,CON,PCCP_RULE,2.0,Medium
be516c3c-cc6a-42cb-8adc-310bf1b74fb2,CON,PCCP_RULE,2.0,Medium
7633467a-d376-4844-83b7-7fdb3e692fe7,CON,PCCP_RULE,1.0,Low
4fa3b610-916b-4788-a05b-5aacb3a58194,CON,PCCP_RULE,2.0,Medium
8e904244-ea53-41cc-beca-e87024ed4eb6,CON,PCCP_RULE,3.0,High
cc7cb210-b0d2-4614-8007-27463254f51e,CON,PCCP_RULE,1.0,Low
d7b29577-50ff-4593-bf88-b6cfbb30c517,CON,PCCP_RULE,2.0,Medium
7b725d1d-fbe4-4d71-9642-b7832ce16112,CON,PCCP_RULE,2.0,Medium
9cd81927-58e0-43ce-bb94-b8925c951784,CON,PCCP_RULE,2.0,Medium
2e022fcc-70f5-4412-ba9c-4ea35952c6a0,CON,PCCP_RULE,1.0,Low
8ae05925-cafa-455c-ab98-40bd2a1f0900,CON,PCCP_RULE,2.0,Medium
1ac38e8a-1e4d-4167-93af-b7a54ef82231,CON,PCCP_RULE,2.0,Medium
a92af009-7220-4d63-998a-bf38b210626b,CON,PCCP_RULE,2.0,Medium
46ed8aec-f460-46e9-8f61-1e5373fd9e51,CON,PCCP_RULE,1.0,Low
5af1a69b-5bf0-41bc-934e-7611bec011f9,CON,PCCP_RULE,2.0,Medium
8969f29d-a03c-4f9b-b3ca-6ab9d973ab57,CON,PCCP_RULE,2.0,Medium
9dca83c9-e518-468d-b96f-8692ecb81efa,CON,PCCP_RULE,2.0,Medium
afe08854-554a-4c7e-bab8-47d5f6e53d12,CON,PCCP_RULE,1.0,Low
106d6053-ab50-4bad-b862-7a072ef451b1,CON,PCCP_RULE,3.0,High
12d0d327-befc-4a13-9ef1-1003319ad3d6,CON,PCCP_RULE,3.0,High
054fb07b-a41f-4b19-8cd6-f001e62d8d48,CON,PCCP_RULE,1.0,Low
4f2de975-b39f-42fd-b9e1-ba714dde126c,CON,PCCP_RULE,2.0,Medium
be344627-1bea-4a87-807e-49953e30958d,CON,PCCP_RULE,2.0,Medium
12b9a184-9091-4587-93f7-6fe60f67bdf2,CON,PCCP_RULE,3.0,High
532dd8f1-4034-485a-b49a-3eedd5f628ec,CON,PCCP_RULE,3.0,High
15dd8b8a-f066-4325-a500-f06c74c036a2,CON,PCCP_RULE,1.0,Low
e15bd1f7-ab59-4b41-a756-0d7a93b185b2,CON,PCCP_RULE,2.0,Medium
d853febb-b69c-4884-a56f-12944a65c964,CON,PCCP_RULE,2.0,Medium
c276bb5c-bdd1-4cbe-8826-147b531036c8,CON,PCCP_RULE,3.0,High
d1906c09-178a-4b5c-93e1-822e4996efd0,CON,PCCP_RULE,1.0,Low
c461f64d-5cba-4501-aa28-3b15b37839ec,CON,PCCP_RULE,1.0,Low
8d312784-70c7-4662-b763-27933757e3bd,CON,PCCP_RULE,2.0,Medium
7c3da7be-d955-4fdf-845d-490efa57c686,CON,PCCP_RULE,1.0,Low
7891f647-cf2d-41b8-839d-7d7378ac38b3,CON,PCCP_RULE,1.0,Low
862f9c7c-b533-4571-a7e2-bb9ff6fac222,CON,PCCP_RULE,2.0,Medium
de351a17-7969-4eed-889d-4dcd4e7528a3,CON,PCCP_RULE,1.0,Low
e0031948-64c4-452a-86b2-938896fad1f0,CON,PCCP_RULE,1.0,Low
7f4a48a2-4776-423f-8212-53b7773d5404,CON,PCCP_RULE,1.0,Low
425ee938-acc0-4050-acca-1688e4c4b7a6,CON,PCCP_RULE,1.0,Low
fbb0fb10-acc3-4215-b61c-fedc3948ebf4,CON,PCCP_RULE,1.0,Low
29e941b2-b6f8-48c9-b7cc-b7971cbcacea,CON,PCCP_RULE,1.0,Low
dd2aa20a-3d8c-4bdd-bfd2-42576e8eea8a,CON,PCCP_RULE,1.0,Low
55b4bcd3-eac9-40b6-b898-cf26a14f4500,CON,PCCP_RULE,2.0,Medium
a75ae9b2-5353-4c1c-8184-9d6add5e225e,CON,PCCP_RULE,1.0,Low
f4c4ef97-514e-4e0e-81f6-77512ec27a83,CON,PCCP_RULE,1.0,Low
2069621c-b326-4aaa-a641-530e1503526e,CON,PCCP_RULE,1.0,Low
85c1e394-6165-4f10-8516-436742912903,CON,PCCP_RULE,2.0,Medium
19b07935-2200-4e6e-b2ee-183fcf1bd23b,CON,PCCP_RULE,1.0,Low
1ee4df34-d469-4f2f-b3c4-cf4690dbfe50,CON,PCCP_RULE,1.0,Low
6b51f598-eed3-4cfc-8805-764778ff4445,CON,PCCP_RULE,1.0,Low
72a50470-1dcf-47e8-8022-5208ca528e14,CON,PCCP_RULE,1.0,Low
4e4cf64d-09bb-49cd-ace3-114eb858348d,CON,PCCP_RULE,1.0,Low
b50f26ec-4b29-4358-8995-5079ba151b0b,CON,PCCP_RULE,1.0,Low
9b7a8f9d-91ab-4231-873d-ea804cf048c8,CON,PCCP_RULE,1.0,Low
485df2df-6258-4103-a40e-37685c690021,CON,PCCP_RULE,3.0,High
ca5a402f-1c4b-4af4-81ac-1b7da2555388,CON,PCCP_RULE,2.0,Medium
f46c6497-905a-46ad-93e3-d68e390f8ad3,CON,PCCP_RULE,1.0,Low
3e4cd251-6eb8-4f09-ad71-48644680f87b,CON,PCCP_RULE,2.0,Medium
6b0a03dd-49c6-4084-bd26-0c5d30bf6d71,CON,PCCP_RULE,2.0,Medium
604d07f9-7f4b-4502-b913-2b09de160c8a,CON,PCCP_RULE,1.0,Low
9c12b56b-1c3e-4834-8ec7-8702feded5eb,CON,PCCP_RULE,1.0,Low
70428f2b-2934-4871-a980-007d4b9d00ac,CON,PCCP_RULE,2.0,Medium
d3962796-f474-4aee-a5b1-e68c29611ac4,CON,PCCP_RULE,2.0,Medium
d3580d14-19c2-4e3e-827e-2f4138bbbc0a,CON,PCCP_RULE,1.0,Low
e1dd5f32-21cc-4cf0-96c5-a588dc91abe1,CON,PCCP_RULE,2.0,Medium
be6bd04b-ddcf-4f77-b821-644d0fd039af,CON,PCCP_RULE,1.0,Low
76f00005-2e7e-466a-b1bc-2c66bc1a6de1,CON,PCCP_RULE,1.0,Low
5fdad389-1c29-4c68-8efa-d4a5f5aea7a6,CON,PCCP_RULE,1.0,Low
4116dda5-3eed-46f5-88d5-a53d9474a804,CON,PCCP_RULE,1.0,Low
c9ccdc52-49f9-4bc9-bc0d-845f97f13bde,CON,PCCP_RULE,1.0,Low
f1b3b9b8-4f37-43c4-a48d-54026a30dfad,CON,PCCP_RULE,1.0,Low
d703f6d6-92db-46d7-b76b-94ba3a3c64b3,CON,PCCP_RULE,1.0,Low
aa720761-e5f0-4c8c-a238-c2356f5856fc,CON,PCCP_RULE,1.0,Low
5bb3dcb9-8097-4003-bd46-4e141193c51f,CON,PCCP_RULE,1.0,Low
261c130c-e559-4e8a-ac8e-c95e3e5bc14d,CON,PCCP_RULE,1.0,Low
17a7bc54-13f5-4dd5-b30c-a84a504570e7,CON,PCCP_RULE,3.0,High
f7160fca-75d4-42f6-972e-4656f1adaed9,CON,PCCP_RULE,1.0,Low
908c124f-6dd0-420f-ad2c-22636d1d96ca,CON,PCCP_RULE,3.0,High
9fb72da8-62d6-4fe3-9bb2-60de1061be2b,CON,PCCP_RULE,1.0,Low
b6df2cf2-d78b-41ad-85a8-454f3a4d090c,CON,PCCP_RULE,2.0,Medium
cbdb2c8e-1303-45f9-9f6b-4d0178212295,CON,PCCP_RULE,2.0,Medium
ef2346e1-96c3-42e3-85f2-eca7d66cc2e8,CON,PCCP_RULE,2.0,Medium
26b6b89a-4a0f-4e95-afc1-7e7564568c41,CON,PCCP_RULE,1.0,Low
f740c714-c8ab-438f-ae06-c755d2368225,CON,PCCP_RULE,1.0,Low
40fd5a00-f41f-4eaa-9072-4a73ee996f8c,CON,PCCP_RULE,2.0,Medium
114705ec-740d-4dd8-96b2-33ad83eee642,CON,PCCP_RULE,2.0,Medium
07664f44-af7d-4aeb-bd49-1a6de0c014c0,CON,PCCP_RULE,1.0,Low
9b101995-949b-44f6-9468-ada8f2bc95ab,CON,PCCP_RULE,2.0,Medium
168069fa-8edf-48fe-b07e-344c5b112fcf,CON,PCCP_RULE,1.0,Low
b3541d27-d417-443d-afd1-e49eb888800a,CON,PCCP_RULE,1.0,Low
9044ddc6-74ac-4be2-9dce-5241f2f7ba41,CON,PCCP_RULE,2.0,Medium
bfd55094-4a5c-4c12-ac51-89eb722f1edf,CON,PCCP_RULE,1.0,Low
254af1d8-565a-47c9-bc16-ca0ae4405e0c,CON,PCCP_RULE,1.0,Low
aa6da9bd-24e5-4e23-9ffb-e40e1f10e4af,CON,PCCP_RULE,1.0,Low
6a41c99e-79de-48be-957d-b65ecf11dd5b,CON,PCCP_RULE,2.0,Medium
d62863dc-b59e-4fff-8e9d-ae8585571140,CON,PCCP_RULE,2.0,Medium
30d5e67a-edfd-4d47-a82f-4e8f1d96d4b4,CON,PCCP_RULE,1.0,Low
ad00c287-6e05-465a-b66c-bbd0c42a9082,CON,PCCP_RULE,2.0,Medium
663b606e-a79a-4ebc-ab19-4fe622a0c556,CON,PCCP_RULE,2.0,Medium
2de26ec3-37a7-4091-8299-450ae6751588,CON,PCCP_RULE,2.0,Medium
ff57718c-e3b1-42f6-b835-db3d72e6fb8a,CON,PCCP_RULE,2.0,Medium
577ca138-e81f-49c4-820e-d62a7b91969d,CON,PCCP_RULE,2.0,Medium
9eff20eb-d855-4196-9311-243f3573881d,CON,PCCP_RULE,1.0,Low
7a86f759-7466-4191-b945-19363802dee5,CON,PCCP_RULE,1.0,Low
cc3546c2-89e0-4770-8e9c-dcdcf4066c31,CON,PCCP_RULE,2.0,Medium
ffb02f91-b278-42ba-95a1-0c13f7c17223,CON,PCCP_RULE,2.0,Medium
48b234f0-eee2-441a-bae0-be1667f0ef70,CON,PCCP_RULE,2.0,Medium
7d9f0670-a29e-4f88-849d-e9021b010c29,CON,PCCP_RULE,1.0,Low
bb47a263-08c9-41ad-a7f5-c06f262f6b36,CON,PCCP_RULE,2.0,Medium
d3d8ff75-9529-4f46-8f2c-bee753cc68d0,CON,PCCP_RULE,1.0,Low
63457012-87a3-41ba-a4dc-022543ab0101,CON,PCCP_RULE,2.0,Medium
ed331dd8-5ddd-492b-b266-016383d6adba,CON,PCCP_RULE,2.0,Medium
9e6ae140-b1b9-438b-98f7-a1563708d4c9,CON,PCCP_RULE,1.0,Low
3710028c-5d64-43e2-8fd6-36a87d6f9f48,CON,PCCP_RULE,3.0,High
0241c76d-0735-4008-835d-009b76057fcb,CON,PCCP_RULE,2.0,Medium
2263c2b7-77df-4591-be01-431a788c442f,CON,PCCP_RULE,2.0,Medium
ac395485-090d-4b3f-9480-ca9c518e89e6,CON,PCCP_RULE,1.0,Low
573f44a5-2bd7-428f-90a1-a600413c82db,CON,PCCP_RULE,1.0,Low
1b2ee4e2-6026-4f75-b8c9-f9d9dc93a334,CON,PCCP_RULE,1.0,Low
98e27dd5-2f6c-4e42-97c3-a2c671a81fad,CON,PCCP_RULE,2.0,Medium
d6a73d4f-4551-4bd1-b810-f2057efb5598,CON,PCCP_RULE,2.0,Medium
1718effa-e391-4eed-bd0e-50b6ea02bd0d,CON,PCCP_RULE,3.0,High
d53669cd-f3be-47d4-a0eb-1409968ec1c2,CON,PCCP_RULE,3.0,High
1c50da7e-9e6f-4c5a-af7c-3884239c3ac7,CON,PCCP_RULE,2.0,Medium
2558e601-f5bd-478d-a114-fc34e570846c,CON,PCCP_RULE,2.0,Medium
02b54d76-2ce0-4a25-84b3-0aec132f83a5,CON,PCCP_RULE,2.0,Medium
b32a99e0-c68f-464c-9395-061fc4f238e5,CON,PCCP_RULE,2.0,Medium
d71c7b00-83b5-49bb-8be2-ef3f90b290e8,CON,PCCP_RULE,2.0,Medium
206d66f3-7d25-4927-9bb7-f8790197d073,CON,PCCP_RULE,2.0,Medium
d8fcc617-8762-4bce-8204-b6638738bb9e,CON,PCCP_RULE,3.0,High
c5ef776f-07af-4e91-b0ed-9df4054f48eb,CON,PCCP_RULE,2.0,Medium
6412e853-a029-4a74-9aee-ee0573222509,CON,PCCP_RULE,1.0,Low
e0ae3523-3a41-401d-8b04-415be9cbdccb,CON,PCCP_RULE,1.0,Low
f1c3e368-1ce2-4e9d-b5b7-c49c34438878,CON,PCCP_RULE,1.0,Low
863771eb-5299-4cf7-96d7-54b3ce2143c7,CON,PCCP_RULE,2.0,Medium
79fdc438-955a-413f-8631-d9ddf695291c,CON,PCCP_RULE,2.0,Medium
539115f3-a904-48a3-a51d-480197313e7c,CON,PCCP_RULE,2.0,Medium
611f9f47-3577-469b-a940-5363a130f385,CON,PCCP_RULE,2.0,Medium
a79f7300-4f09-49d1-adb7-cfe53a900c64,CON,PCCP_RULE,1.0,Low
77044cbc-58c0-4fd2-b97a-50cd5223df1e,CON,PCCP_RULE,2.0,Medium
107854f7-e3e2-43a4-a2ba-b2884809a071,CON,PCCP_RULE,1.0,Low
d58b2186-b745-4da8-9c26-7b9671f29c0c,CON,PCCP_RULE,1.0,Low
3be6a70b-5108-4f9b-a009-7984bd54ec06,CON,PCCP_RULE,2.0,Medium
f2bf6380-0150-401d-9a1c-5a79612e00a7,CON,PCCP_RULE,1.0,Low
2239b384-4725-4fd3-984f-3566da9f5b29,CON,PCCP_RULE,2.0,Medium
64e8d945-5c1a-4bdc-a58b-5557a0a68cf4,CON,PCCP_RULE,2.0,Medium
e651e7c2-7d1f-4d61-9aba-5f5e790782db,CON,PCCP_RULE,2.0,Medium
9f54767d-d660-4eb2-8ad2-6130e8a01770,CON,PCCP_RULE,2.0,Medium
d3174c86-46f4-4dfb-bc4b-eb8a3bde3ea6,CON,PCCP_RULE,1.0,Low
bd286cd7-3a4e-4899-bc45-4a80f96a40c0,CON,PCCP_RULE,1.0,Low
d80ccc9b-e2e2-4be0-a2bc-8548124bb4f4,CON,PCCP_RULE,3.0,High
1b8f6fbb-73ce-4c56-902d-e3eec783bb0f,CON,PCCP_RULE,3.0,High
d061a014-bad0-471b-b22d-7115066db834,CON,PCCP_RULE,1.0,Low
0afd7f37-e65a-4ee8-b06e-51b271b58e33,CON,PCCP_RULE,1.0,Low
80f17f9f-3a3d-410d-9502-7294cb43cf03,CON,PCCP_RULE,1.0,Low
fe10ba29-b31b-4283-b44c-de2c6f4e8bc0,CON,PCCP_RULE,1.0,Low
1c7c87b6-0fc2-4bca-8d41-bd3204c89539,CON,PCCP_RULE,2.0,Medium
5183f1da-1222-461b-831d-1e9e11fc5c3e,CON,PCCP_RULE,2.0,Medium
62315b9a-bbc8-4a06-a36b-7b37c6f6b8b9,CON,PCCP_RULE,1.0,Low
85fd975e-9e85-40c0-afce-e34c4802a8e2,CON,PCCP_RULE,3.0,High
f7aafabf-a525-4b1e-ba88-d277b7c8a9a8,CON,PCCP_RULE,2.0,Medium
199ae54d-6cd8-4132-93a7-a8d67ccd8fc2,CON,PCCP_RULE,1.0,Low
33326f3b-0c0b-43a3-aa9b-ad55eff9b5fb,CON,PCCP_RULE,1.0,Low
66d871a9-0ec8-47c5-91f3-9e8026b9c0a8,CON,PCCP_RULE,3.0,High
ebee744c-b84a-49fd-855e-c9240067ba29,CON,PCCP_RULE,3.0,High
60fd8afe-1993-4f7c-b916-c659bd9f299b,CON,PCCP_RULE,3.0,High
714a3a8a-8b61-411e-884c-a80dd9b1c2c1,CON,PCCP_RULE,3.0,High
3fb7295e-08b5-44ff-95cd-a2949c06cdda,CON,PCCP_RULE,1.0,Low
bd08ba12-eeb4-4859-b714-ce992d631f66,CON,PCCP_RULE,2.0,Medium
55054ef7-ced9-4c93-aa5d-9f0f4f4ca4ad,CON,PCCP_RULE,2.0,Medium
c5e695a7-2c06-4bc6-8c7e-c57d97d01463,CON,PCCP_RULE,1.0,Low
48a45568-cbb1-4780-a6ed-6f270776d7aa,CON,PCCP_RULE,2.0,Medium
ed7470e6-7510-47c3-8f10-e006f6b853f1,CON,PCCP_RULE,1.0,Low
0f8e060c-bd83-45a7-b882-f08fcbda5554,CON,PCCP_RULE,2.0,Medium
6087e642-95da-4087-a1c7-b81e38679a25,CON,PCCP_RULE,1.0,Low
939d60f0-5d67-4240-b436-a16e393d161f,CON,PCCP_RULE,2.0,Medium
4451986b-9ff7-453e-99c3-604ee5ce50b7,CON,PCCP_RULE,1.0,Low
03e50ccb-8317-45a9-847b-e99be4fbf934,CON,PCCP_RULE,2.0,Medium
4b93113e-b7ac-42e1-9b3d-854c5a77278a,CON,PCCP_RULE,1.0,Low
a06be771-2f2d-4fc3-978a-c082c1064615,CON,PCCP_RULE,3.0,High
1eef525b-f523-4175-83e2-ffe36275c88d,CON,PCCP_RULE,3.0,High
d2f90a8a-b96b-486e-bc67-eb6be0fc8153,CON,PCCP_RULE,3.0,High
e6acffa1-e4bb-4254-8b67-38f8b4eaa3b1,CON,PCCP_RULE,3.0,High
50f925cb-a612-4f48-9c20-6fe5c3fc87ac,CON,PCCP_RULE,2.0,Medium
64ab3a74-70af-48a7-b61b-baef754cac35,CON,PCCP_RULE,1.0,Low
60cd7bab-1ad9-4a45-801d-f64eebbf05b0,CON,PCCP_RULE,1.0,Low
fcc8b12d-796b-4a0f-a3ab-2c222e8437ed,CON,PCCP_RULE,1.0,Low
ef06f08a-3fa4-44c1-a1d9-663d9a55d2c3,CON,PCCP_RULE,1.0,Low
d24b3b5e-9cac-43a6-b144-60d5e6b0c0ce,CON,PCCP_RULE,1.0,Low
044e6fe9-c32b-441b-8094-72b66360ef6e,CON,PCCP_RULE,1.0,Low
54c59aaa-e0ef-498a-b6ae-d30013663688,CON,PCCP_RULE,1.0,Low
561acea9-7356-421d-bf52-8f0dbc28164e,CON,PCCP_RULE,1.0,Low
41ad27a4-0285-44e7-835e-b8c2fc5e91f1,CON,PCCP_RULE,2.0,Medium
2721ac85-0f95-4a55-bd9f-2f41bceef8dc,CON,PCCP_RULE,1.0,Low
3e1fe55b-0a5f-4f11-be13-d320b00d3a17,CON,PCCP_RULE,2.0,Medium
909add7c-2bfa-4052-877e-080c77e1a9df,CON,PCCP_RULE,2.0,Medium
3ae53f88-9598-497f-b4e5-a58f5516071c,CON,PCCP_RULE,2.0,Medium
55fe41ef-26d4-44d6-8dba-150e05881b5d,CON,PCCP_RULE,1.0,Low
aac3b977-8645-4be2-8914-a804a47825d6,CON,PCCP_RULE,1.0,Low
62af2978-7153-4cde-8774-ef724967fcc3,CON,PCCP_RULE,1.0,Low
d21ea053-ba47-4972-ad55-1afa311f5fe9,CON,PCCP_RULE,2.0,Medium
8a7ced74-00e3-4a17-84bb-cb466b616369,CON,PCCP_RULE,2.0,Medium
a1cb3651-4b78-4db3-92b1-8edabb291fbf,CON,PCCP_RULE,1.0,Low
e9c514a1-27a1-4f3d-87a2-923e3e9f5d29,CON,PCCP_RULE,2.0,Medium
a6b2e520-3592-43ff-bb6a-e36ed5b32264,CON,PCCP_RULE,2.0,Medium
c36d1d67-e736-4a34-b1b3-20c8b3999b00,CON,PCCP_RULE,2.0,Medium
98fcef50-902c-48e6-b040-809ec720050d,CON,PCCP_RULE,1.0,Low
99d414b8-286f-4578-83f1-4a7d00e2345d,CON,PCCP_RULE,2.0,Medium
2dea220e-74ba-4479-8c49-ad388e7b2d49,CON,PCCP_RULE,2.0,Medium
30a28877-0dfa-4373-add3-c0277a54e98a,CON,PCCP_RULE,2.0,Medium
7c8f1eee-8995-4a5c-81de-cbc7189824af,CON,PCCP_RULE,2.0,Medium
7cdb6f04-e018-457c-b7cb-02d11ea4e14a,CON,PCCP_RULE,3.0,High
b0dcfd53-cdc2-413e-87e4-b150281b3241,CON,PCCP_RULE,1.0,Low
dad9dfc2-683a-4b56-a402-bae3c1e8e667,CON,PCCP_RULE,2.0,Medium
af070755-9e07-4e5a-aec5-105ebf17d7f3,CON,PCCP_RULE,3.0,High
64636d1c-6b33-44b0-acb5-e1debfcb8def,CON,PCCP_RULE,3.0,High
c87f9c99-3e07-4ed7-9e86-1d62ff05042f,CON,PCCP_RULE,2.0,Medium
1081f83f-add2-4747-951c-6c7fabf0854b,CON,PCCP_RULE,1.0,Low
496a7675-9b83-4db4-9679-813d515e9332,CON,PCCP_RULE,1.0,Low
340b61e9-a65f-41ef-8560-befce58bd336,CON,PCCP_RULE,2.0,Medium
953a667d-dd86-40f5-8401-e7e5a5ea5cc3,CON,PCCP_RULE,2.0,Medium
c15d8ac5-f203-459d-8b1c-762e1e36e5cc,CON,PCCP_RULE,2.0,Medium
6f3f704e-2374-4af9-bb21-7861ed55d834,CON,PCCP_RULE,2.0,Medium
98228613-5faf-486c-b60b-08ad9f9bba2a,CON,PCCP_RULE,1.0,Low
c4fa7422-5bb5-4b88-842e-8b39052f7412,CON,PCCP_RULE,1.0,Low
2b5102cd-e4c4-48fc-9dd0-3bbc2bf8ad12,CON,PCCP_RULE,1.0,Low
e2c796b4-a686-4de8-9400-78cd6f6b0d68,CON,PCCP_RULE,1.0,Low
a50b0248-0a44-48bc-a32b-e8ef356e4ac1,CON,PCCP_RULE,1.0,Low
6ed24bb7-4877-4668-a626-14cc44230454,CON,PCCP_RULE,1.0,Low
2e7ea2b7-b721-4c30-bc31-1b53801da819,CON,PCCP_RULE,1.0,Low
edbd4f57-bb1e-4d19-a1e8-687cbf93b3d5,CON,PCCP_RULE,3.0,High
d66087d7-d6b5-423c-8e46-5d768bfa88ff,CON,PCCP_RULE,3.0,High
bd98a1fa-01ab-4220-9299-d4d6437b40a9,CON,PCCP_RULE,1.0,Low
9f444bd7-4e47-4cc6-bcc1-e8669772c5ad,CON,PCCP_RULE,2.0,Medium
076df0b8-442b-41bd-86af-14bd3d4ceb9c,CON,PCCP_RULE,2.0,Medium
12e09bcd-6d3d-4674-8af1-ad7efc84b856,CON,PCCP_RULE,2.0,Medium
83ad589c-3b74-4155-b849-9ecea913a811,CON,PCCP_RULE,1.0,Low
61f3197a-0ad7-477d-9130-5ee5c1e40177,CON,PCCP_RULE,1.0,Low
bab4c5ef-add3-488e-a2ff-feedaeb95390,CON,PCCP_RULE,3.0,High
ceb5b807-ca34-4099-b57b-42183b53dd5c,CON,PCCP_RULE,2.0,Medium
14869b62-9a94-4c9f-9f05-2b98b9db1b63,CON,PCCP_RULE,1.0,Low
ba02715e-cc5d-463d-ba0e-302e4308b8a4,CON,PCCP_RULE,2.0,Medium
a6774d11-b091-4a1f-8032-db9dcaf39bcb,CON,PCCP_RULE,1.0,Low
5c54e163-504b-4b61-acc6-6fd77b521d33,CON,PCCP_RULE,1.0,Low
354e19ef-d93c-49b5-9362-31acd5bdff0b,CON,PCCP_RULE,1.0,Low
0e59cc3f-45a8-45f8-8681-23703d07642f,CON,PCCP_RULE,1.0,Low
74b67c04-bb1b-4e8e-a1c7-70821fe5dcbc,CON,PCCP_RULE,2.0,Medium
9a9157e6-ef34-425d-8a56-24c3de84d724,CON,PCCP_RULE,2.0,Medium
a9f5e434-1985-4682-bfea-92ab0a82f0e3,CON,PCCP_RULE,2.0,Medium
5150194f-0ea0-49e5-9e2a-61731bb9c3d3,CON,PCCP_RULE,1.0,Low
7f1fa7c9-c3a1-4cd2-b137-8892e9fa0ffe,CON,PCCP_RULE,2.0,Medium
fbf8821b-b97c-422c-84b0-9eadc3323e72,CON,PCCP_RULE,1.0,Low
908f42ad-d874-4005-ba08-eaf73a1ef3c5,CON,PCCP_RULE,2.0,Medium
8f61acf2-c2c2-48cb-b238-dda07aa9280e,CON,PCCP_RULE,2.0,Medium
cfedd1ad-1fc6-41c8-8ba4-f6800f5cbd63,CON,PCCP_RULE,2.0,Medium
bf757c06-cf27-4acf-adb8-7545db0f405e,CON,PCCP_RULE,2.0,Medium
fd6ac5e5-adf9-46b0-af8b-42ebb4ddeef7,CON,PCCP_RULE,3.0,High
a9f61a04-6616-4ff4-8a6b-b9368bd11aff,CON,PCCP_RULE,3.0,High
40b63dd1-597b-49ea-95d1-5ca5a45e98eb,CON,PCCP_RULE,1.0,Low
1775dbb0-f994-4229-abee-be4680d0ede2,CON,PCCP_RULE,1.0,Low
85ae69c0-a157-429a-83d4-18ed2d4ee6c5,CON,PCCP_RULE,1.0,Low
42708df6-794b-4981-973d-50117a774f37,CON,PCCP_RULE,2.0,Medium
7119c70d-a9f0-4b3b-ba39-e6f5caa6518d,CON,PCCP_RULE,2.0,Medium
b565e440-dd4e-4bca-a32e-989318000e1e,CON,PCCP_RULE,2.0,Medium
31a1cf91-eb22-4350-b54e-3dde5c93a803,CON,PCCP_RULE,3.0,High
98a24b9a-bee2-47db-8d34-46a201d27acb,CON,PCCP_RULE,3.0,High
938f71af-a86d-4998-8f2b-16abfce54bc9,CON,PCCP_RULE,2.0,Medium
d13d8d23-155a-4496-ab40-17a191cf07b1,CON,PCCP_RULE,1.0,Low
0edf596f-19e1-4436-824e-16b75b4f3ad1,CON,PCCP_RULE,2.0,Medium
7c98e250-2969-45b6-9261-76fd1bb26f49,CON,PCCP_RULE,2.0,Medium
6bfb0c7d-4d49-491b-bd91-3685f6bf0281,CON,PCCP_RULE,2.0,Medium
6fd178e7-ad64-41b3-9a39-070ab7f75da1,CON,PCCP_RULE,1.0,Low
fd096262-14b2-4ddf-9a33-b218b29ee86a,CON,PCCP_RULE,1.0,Low
8d0925e4-0a07-47f5-b4b1-af6802027306,CON,PCCP_RULE,3.0,High
acdd05e1-2577-472c-ac9c-90226aacf910,CON,PCCP_RULE,1.0,Low
ae253fa0-689a-40a6-938e-6f1495fa61e8,CON,PCCP_RULE,1.0,Low
e7d6ee5b-f981-46d5-a7a1-34a30deb29c7,CON,PCCP_RULE,1.0,Low
8a3721f7-20b4-418c-b213-f0d96dcc75bd,CON,PCCP_RULE,1.0,Low
58e1b79c-5548-4aec-935e-0ae8008da2ed,CON,PCCP_RULE,2.0,Medium
c5dc4b08-65d8-4382-b29f-c0c154143331,CON,PCCP_RULE,2.0,Medium
f2f4e84d-158c-4b46-bb6b-9b8f770b745e,CON,PCCP_RULE,2.0,Medium
10ec3548-1bf6-4351-b384-e06f39331bf4,CON,PCCP_RULE,1.0,Low
96ea26d8-8b53-488c-a8ca-94f8466c9175,CON,PCCP_RULE,1.0,Low
de46e753-36db-4b6f-8d60-911717916b8e,CON,PCCP_RULE,1.0,Low
d382c6fe-a909-4408-8879-cbd52c140bc2,CON,PCCP_RULE,2.0,Medium
c31851cb-3bd8-4522-bb80-8d822297dc03,CON,PCCP_RULE,2.0,Medium
fc0a9636-0036-4a3a-9beb-103b5f034732,CON,PCCP_RULE,3.0,High
6735738b-eeb1-4152-aeb8-620df8355a8e,CON,PCCP_RULE,3.0,High
404998bb-cc1f-4a2f-b86e-8e31a0528d9b,CON,PCCP_RULE,1.0,Low
1c7182a2-8d26-4e14-a6a6-f38bcb96a2e0,CON,PCCP_RULE,1.0,Low
e61ee7c3-dfe1-4e30-9fa6-ba24abb21090,CON,PCCP_RULE,3.0,High
2d960591-ab74-46ea-b434-ee49d2ca48b4,CON,PCCP_RULE,1.0,Low
8f3ca462-d507-4a73-98d0-34963fe14428,CON,PCCP_RULE,1.0,Low
b949bb4c-73df-4f2e-ab83-2cf248f115bf,CON,PCCP_RULE,1.0,Low
23edf058-6bbe-496c-8d7e-939f7cabde98,CON,PCCP_RULE,1.0,Low
ec5cdf41-fac0-441e-96e5-41d7eeebcfd9,CON,PCCP_RULE,3.0,High
68c40d66-8136-4b91-86dd-19ffb1a4fea1,CON,PCCP_RULE,3.0,High
99d62f92-3c95-46b1-b206-22d28d4036f8,CON,PCCP_RULE,2.0,Medium
d306a24a-341a-47ce-b877-54c9e33abb4a,CON,PCCP_RULE,2.0,Medium
45282785-89a7-427a-9b40-b5e4fab4b008,CON,PCCP_RULE,2.0,Medium
59c672fd-5c76-4350-9581-839227ea94ee,CON,PCCP_RULE,2.0,Medium
d4227463-773d-4290-8309-04f2e6c61778,CON,PCCP_RULE,1.0,Low
dfad5096-c635-460b-a4f0-7a8bb510059e,CON,PCCP_RULE,1.0,Low
14786e5b-6489-4d64-966b-c0ecb150df81,CON,PCCP_RULE,1.0,Low
f2693796-e53e-46ca-af06-d2a7071cedf6,CON,PCCP_RULE,1.0,Low
5ecda5fe-c196-4af3-a33e-a43e32e8566b,CON,PCCP_RULE,1.0,Low
66c0219a-0d24-45b6-be64-00a794c9db57,CON,PCCP_RULE,1.0,Low
e524134a-f3ab-471a-8d44-2c8309176a10,CON,PCCP_RULE,3.0,High
8b0b9176-7f4d-4e96-b537-a81fa2108350,CON,PCCP_RULE,3.0,High
bf7b5e70-f475-49ea-aae7-0419224249e9,CON,PCCP_RULE,1.0,Low
3301a6c3-4018-44a9-8073-618f6518f0ac,CON,PCCP_RULE,1.0,Low
a8d75edc-ca4e-4feb-a49b-c3dda13ddbe6,CON,PCCP_RULE,2.0,Medium
3ae4a689-c652-4aa1-a86a-f68bd4a975d8,CON,PCCP_RULE,2.0,Medium
3007509d-7049-42f8-af2f-7a3dc000f65e,CON,PCCP_RULE,3.0,High
db01a6ff-fce6-42dc-9f00-08c98ddc0d7f,CON,PCCP_RULE,3.0,High
c65a8251-d3a0-49c3-8a7d-6a4f9746080d,CON,PCCP_RULE,3.0,High
2a0203e0-2115-4a9a-9bf0-343446f4bace,CON,PCCP_RULE,3.0,High
4734f6f5-ba7b-4cca-b25d-df6e31ca644f,CON,PCCP_RULE,3.0,High
fba0757d-0688-4d6c-9f82-a2cbbd86f120,CON,PCCP_RULE,2.0,Medium
7fd85b17-8c35-4bd0-b72b-11dbc0d77cab,CON,PCCP_RULE,2.0,Medium
674b08f2-7201-4ab8-bd07-1b29e391a379,CON,PCCP_RULE,1.0,Low
3a86dd2e-1e6b-4dfe-a7d8-65545d14f2ee,CON,PCCP_RULE,1.0,Low
805ab899-c624-4d09-b1ca-7e02cb9929a4,CON,PCCP_RULE,1.0,Low
7d063900-ab11-45b3-924b-dac3a5e5ea16,CON,PCCP_RULE,1.0,Low
360d40c6-bc42-4bb5-a187-dc27b84abc68,CON,PCCP_RULE,1.0,Low
55fdea10-0909-4680-87f8-e13ad1823868,CON,PCCP_RULE,1.0,Low
dc9545cd-6f99-4e60-9a75-2af59fec3360,CON,PCCP_RULE,1.0,Low
0f967ebe-0aa9-41a9-8e42-25e790558d93,CON,PCCP_RULE,2.0,Medium
768ca81c-af22-4f03-90aa-da3bd55d92a5,CON,PCCP_RULE,1.0,Low
f179b151-ea2d-40c9-acd6-9c2e1bea39f6,CON,PCCP_RULE,1.0,Low
cc9838f1-b85c-4c67-b28a-1396ef498bc6,CON,PCCP_RULE,1.0,Low
83f754ac-c605-40fe-857c-43bcef409617,CON,PCCP_RULE,3.0,High
5f891cee-a4ec-4f7c-9b03-a3ea68f7e383,CON,PCCP_RULE,3.0,High
94416bfb-d540-469d-b947-a4d21e0dbef4,CON,PCCP_RULE,3.0,High
84e13dd0-bbee-445f-9ddf-04d2a76e2c53,CON,PCCP_RULE,2.0,Medium
18a03cbd-df5b-4bf8-8dd0-e82f461946ae,CON,PCCP_RULE,3.0,High
81e7281b-a929-4128-a53a-7209613ae439,CON,PCCP_RULE,3.0,High
517e2e5f-87a4-4e22-9193-2fd8e7a31be8,CON,PCCP_RULE,2.0,Medium
55b2eb7a-b473-41a0-b3e6-02525f6983dd,CON,PCCP_RULE,2.0,Medium
9e3f99a4-4725-4d85-967a-70138a4aafc8,CON,PCCP_RULE,2.0,Medium
fce50467-480a-47df-860d-dfc0844711ee,CON,PCCP_RULE,2.0,Medium
62f30496-a4e5-4554-b738-ddc159543b90,CON,PCCP_RULE,2.0,Medium
d8d78b69-d0a8-4965-9670-02265a14d387,CON,PCCP_RULE,1.0,Low
b86ad811-46ea-45f9-8e3b-ce4cf55e83a6,CON,PCCP_RULE,2.0,Medium
d0902c4f-8d1e-4c7f-b49b-3f52ad865957,CON,PCCP_RULE,2.0,Medium
f68216fd-dfb5-43a8-bd62-f3d87c6c6b70,CON,PCCP_RULE,2.0,Medium
57c7015d-118e-4ef1-8861-b08f9458c08b,CON,PCCP_RULE,2.0,Medium
231f5d99-6fca-49fe-82e7-c4e7a748df12,CON,PCCP_RULE,2.0,Medium
00e04adc-2e77-4fd2-a52b-aed809e1e9b6,CON,PCCP_RULE,2.0,Medium
0c0cf164-ce72-4d5e-96af-ea87eb09d8eb,CON,PCCP_RULE,2.0,Medium
f7c9a4a7-25aa-4720-b9b7-6d01751b051a,CON,PCCP_RULE,1.0,Low
eb2f5621-aa06-46ff-9e95-4e769f4fe769,CON,PCCP_RULE,1.0,Low
aa8f7edd-7f32-473a-b988-f39820566a2a,CON,PCCP_RULE,1.0,Low
3fe859b4-a2d1-444f-be83-d5a473a25c20,CON,PCCP_RULE,3.0,High
93ecd8f9-72bc-41a8-82ca-b3f9c49544fb,CON,PCCP_RULE,1.0,Low
c5d0c802-0896-42dc-ad31-baa13b08d69d,CON,PCCP_RULE,1.0,Low
d064432b-9705-4ea0-92bc-8f433893779c,CON,PCCP_RULE,2.0,Medium
4c7afd65-3ddd-4fe6-bc45-b5e03009d2ff,CON,PCCP_RULE,1.0,Low
4c6855af-fdb9-4028-89a0-b27c28d7eca9,CON,PCCP_RULE,2.0,Medium
8a10c9f3-66eb-4870-a403-f4faa9a83e44,CON,PCCP_RULE,1.0,Low
e8929386-5b5a-43d1-a596-8e3aedc0b061,CON,PCCP_RULE,1.0,Low
fa3ed544-8a0d-49d9-8076-f48053bf9ef7,CON,PCCP_RULE,1.0,Low
eb9ff041-a7da-422a-9f0f-608a521f8921,CON,PCCP_RULE,1.0,Low
f96d4d83-2fbb-420f-ae5f-3dbe597473a1,CON,PCCP_RULE,1.0,Low
ef1e54e7-fb2a-4f1d-92b6-23b579e0e925,CON,PCCP_RULE,2.0,Medium
8bc22425-c9ce-4ac6-801d-3ba4fec0211e,CON,PCCP_RULE,1.0,Low
ea158b4e-7e98-4cac-a0d9-cca6837a2ac5,CON,PCCP_RULE,1.0,Low
c753f82a-ab68-40be-b2f0-c1ae8a9dab79,CON,PCCP_RULE,2.0,Medium
fd012ce2-9276-4d7f-8d70-3c382c3126e7,CON,PCCP_RULE,1.0,Low
acf5c53e-f5b5-41d9-8612-826a481fafb9,CON,PCCP_RULE,1.0,Low
4cfaeb24-c4b7-4242-931c-99aacb12ac86,CON,PCCP_RULE,1.0,Low
461d6581-5ef0-447f-a083-9c380fe8fc9f,CON,PCCP_RULE,1.0,Low
ac43196e-3778-4338-a6b7-773023e3b2e1,CON,PCCP_RULE,1.0,Low
3e48d008-a5cb-44cf-83c2-dec57b81621f,CON,PCCP_RULE,2.0,Medium
5f0d32af-a59d-4742-b6d9-09f28adbffa2,CON,PCCP_RULE,1.0,Low
e96d2fad-ab75-4b5d-9569-19fef2854cfd,CON,PCCP_RULE,1.0,Low
8d625bbb-e87c-4af3-96f3-b616139ec81e,CON,PCCP_RULE,1.0,Low
bcd3946b-5f31-4200-8c6e-f44b0fec2869,CON,PCCP_RULE,3.0,High
683b63ab-a031-457a-ab7b-63df1a35f46a,CON,PCCP_RULE,2.0,Medium
bd16b4e8-b141-4b2e-9e33-ba263ba3cf43,CON,PCCP_RULE,2.0,Medium
edc07254-986a-4bfb-9ab6-0460c3e137f3,CON,PCCP_RULE,2.0,Medium
38607f6d-40ea-4d35-ace2-54306c309ecb,CON,PCCP_RULE,1.0,Low
01d3d841-07d3-405b-a585-b59b81d6fff4,CON,PCCP_RULE,1.0,Low
4d9e0eac-5fc9-4492-9c66-fbdbd6a9b99a,CON,PCCP_RULE,3.0,High
8f2b8041-f7ca-4df9-a7e6-49ffa7447314,CON,PCCP_RULE,1.0,Low
8a30c548-fa4e-4b5d-823d-1c04b6dd094c,CON,PCCP_RULE,1.0,Low
8c3c6d23-5216-4d22-b4f4-795b4759626b,CON,PCCP_RULE,2.0,Medium
ce8bbb60-3b9e-40e3-8248-685432f583c8,CON,PCCP_RULE,2.0,Medium
7d58b6d3-8127-4a95-aca6-3dc87c45556f,CON,PCCP_RULE,1.0,Low
ce8768a5-95e9-4cfb-892b-0cdc3d0effea,CON,PCCP_RULE,1.0,Low
7be8e47d-aac9-42e5-ace4-94af2a98fb63,CON,PCCP_RULE,1.0,Low
9071bffc-19e1-4ed7-9442-9541bca35997,CON,PCCP_RULE,1.0,Low
b2acf3b8-723e-421e-8024-4001a2a28307,CON,PCCP_RULE,1.0,Low
ab1bfc19-2338-49f5-b021-325ee5f3ac7c,CON,PCCP_RULE,1.0,Low
c61e887f-46be-44c8-a0b1-fcb5926fc251,CON,PCCP_RULE,1.0,Low
7c4ead41-783a-4931-ae94-f94686b96e97,CON,PCCP_RULE,1.0,Low
6906cf8b-849a-4720-ba5d-be79c455cb76,CON,PCCP_RULE,1.0,Low
f2099a91-cf60-48f6-9c66-2af662cf03ae,CON,PCCP_RULE,2.0,Medium
378ed7a9-5f44-4e33-9e51-ad3736ff2ff4,CON,PCCP_RULE,1.0,Low
a1eeefd7-42ab-47f4-8b7d-45dd0a046d3c,CON,PCCP_RULE,2.0,Medium
09b90e98-1456-4847-b273-c5f789bcc3ee,CON,PCCP_RULE,2.0,Medium
613b128f-860e-4839-93e6-3bac5e6cafb3,CON,PCCP_RULE,2.0,Medium
949f9f4a-bc51-4d77-ab8b-99a26df14ca4,CON,PCCP_RULE,1.0,Low
9c23a5c8-55b5-4ed3-b3fa-d3381f8f8638,CON,PCCP_RULE,1.0,Low
ec71af5e-2ed8-4c49-8ace-276979524bde,CON,PCCP_RULE,1.0,Low
3c3a5a37-4335-40ec-bbff-50c8ecc01374,CON,PCCP_RULE,1.0,Low
93a18b9f-369d-47e7-9d7a-8902778d593b,CON,PCCP_RULE,2.0,Medium
2629449c-9cb2-49ea-aff9-b7d939c8b3ad,CON,PCCP_RULE,2.0,Medium
ac425d02-3329-4764-bcc0-0ada9f6d4346,CON,PCCP_RULE,2.0,Medium
34a4378e-c688-4bcd-a347-b4de22d5e5f7,CON,PCCP_RULE,1.0,Low
8cca45a5-87d3-42cf-8900-6ac5b69635b8,CON,PCCP_RULE,1.0,Low
f3eef6c8-c472-4ddf-9091-bc9e8719498f,CON,PCCP_RULE,2.0,Medium
7718865d-629c-42c0-b316-bf886461c358,CON,PCCP_RULE,2.0,Medium
7d7b376b-af9f-49c6-97c0-bf859ef87513,CON,PCCP_RULE,3.0,High
aa7d3f20-7a61-42b2-86b8-02ca5736f2be,CON,PCCP_RULE,3.0,High
3f5e2a13-c76c-4fc8-85fe-eda020c8d378,CON,PCCP_RULE,1.0,Low
e171274b-08b4-44b0-871a-bd0a6ef78b0a,CON,PCCP_RULE,1.0,Low
28ef3cb0-ec78-4c88-b389-c484308a9e59,CON,PCCP_RULE,1.0,Low
661c4aba-6fc3-4d2f-b112-ec1a71cd82ba,CON,PCCP_RULE,1.0,Low
db6e22bd-5bdf-4716-b515-83a5d7899978,CON,PCCP_RULE,2.0,Medium
cc68c64d-c563-4a45-9285-55b492b30a77,CON,PCCP_RULE,2.0,Medium
f62f664a-9210-46ff-ab31-e52785f0ccd9,CON,PCCP_RULE,2.0,Medium
fe777625-2ed0-4350-a263-3e2bca5be1f0,CON,PCCP_RULE,2.0,Medium
1f2a44fa-120b-4578-818b-57f13b214fd3,CON,PCCP_RULE,2.0,Medium
27e783a6-a7a0-4f6e-a7ec-5d845fad7751,CON,PCCP_RULE,1.0,Low
9c4ad162-42e5-4b01-b926-3f7a8271059b,CON,PCCP_RULE,1.0,Low
057c8d56-a0e5-4be8-89e8-0a087419cc0b,CON,PCCP_RULE,3.0,High
f3f192c3-8cec-4b2a-a9f6-6baf8570f71c,CON,PCCP_RULE,3.0,High
a833972e-91a7-4302-bdbc-4337b59a8449,CON,PCCP_RULE,3.0,High
96f64b00-cd8d-4315-b3d9-28243c120115,CON,PCCP_RULE,3.0,High
6a5a0445-476f-4bc4-90f1-e7bb9e3ad371,CON,PCCP_RULE,2.0,Medium
38e7eb54-c293-4af4-903f-f27ec7c5008c,CON,PCCP_RULE,2.0,Medium
39189722-4ce7-4e85-afe3-b5d82e8d73b0,CON,PCCP_RULE,2.0,Medium
0ec4afda-552c-4bef-9722-84a249ec7d1e,CON,PCCP_RULE,2.0,Medium
611a9863-229e-4d14-8a45-0f8aba796c02,CON,PCCP_RULE,1.0,Low
f3912a73-cca1-47a3-9e94-277e777c1120,CON,PCCP_RULE,1.0,Low
73d6c161-c2ba-4a71-b781-0d2efaee9f40,CON,PCCP_RULE,1.0,Low
5f002f79-6f99-469b-9a53-ed30b50c4ba4,CON,PCCP_RULE,3.0,High
9b4b5978-8d4f-46b0-8fd5-c04a1cbbaaee,CON,PCCP_RULE,1.0,Low
2919aa5c-834b-4bd2-b695-5b038b5dd6d3,CON,PCCP_RULE,1.0,Low
adec0c5f-190f-40df-b118-424ae2e9429c,CON,PCCP_RULE,2.0,Medium
d7c5dab6-5c3c-4e63-b581-5071dc245473,CON,PCCP_RULE,2.0,Medium
1c00822e-40a5-482d-861f-759680f5541f,CON,PCCP_RULE,2.0,Medium
c455c4bc-5517-4106-b2f6-c75931ede4ef,CON,PCCP_RULE,1.0,Low
6f132a0f-017b-4509-8acf-4dc1e910b623,CON,PCCP_RULE,2.0,Medium
e89c902e-ce17-4f51-9a0b-bfe871cc615c,CON,PCCP_RULE,2.0,Medium
ab909020-ce7c-42bb-a69c-f5df7eab992c,CON,PCCP_RULE,2.0,Medium
ca88f710-5667-4861-bf91-177dd1614dec,CON,PCCP_RULE,1.0,Low
e1c21335-0260-4520-b863-5601ffc2479d,CON,PCCP_RULE,1.0,Low
8a4e36a3-5742-4a86-93c7-fa3622d82c28,CON,PCCP_RULE,1.0,Low
e6ff5777-9077-45e3-885f-8965af758d56,CON,PCCP_RULE,1.0,Low
1a22ff1d-b911-471f-bd37-e33374261e79,CON,PCCP_RULE,2.0,Medium
1cd7ec55-d35d-424f-b57d-36c2685ba67e,CON,PCCP_RULE,1.0,Low
aba1c84d-386f-473f-9c94-762e99256ce8,CON,PCCP_RULE,1.0,Low
d75c045d-38cb-4f78-880a-18d1f8698f34,CON,PCCP_RULE,1.0,Low
dabecdc5-6c50-4a95-901a-b4416c192628,CON,PCCP_RULE,1.0,Low
21b39e71-c3a9-4a59-9a05-0451fc5b8748,CON,PCCP_RULE,1.0,Low
ac0f5d89-0963-4f93-9abe-858f8a73e0f3,CON,PCCP_RULE,1.0,Low
8349836c-52fe-4163-b20c-ee3c14436bab,CON,PCCP_RULE,1.0,Low
9ff23098-91e8-4668-8fd1-7be4caa7c58d,CON,PCCP_RULE,1.0,Low
36ae8e96-056a-4b2d-994e-330b2c92284f,CON,PCCP_RULE,1.0,Low
eb828e65-4cd0-44bb-aeb7-8188df9535f9,CON,PCCP_RULE,1.0,Low
d288d438-97fc-478d-8f9f-66b0f1547688,CON,PCCP_RULE,1.0,Low
076e3a54-170d-4254-9bb9-d89e09dc055d,CON,PCCP_RULE,1.0,Low
1bc1c9a1-f8b2-4d05-a91c-7b6386639047,CON,PCCP_RULE,1.0,Low
d7bd242f-374d-4da3-b198-bce5c280cb78,CON,PCCP_RULE,1.0,Low
b6c746a4-7dfd-4cef-9222-22c9e7534461,CON,PCCP_RULE,1.0,Low
6cec60df-7d89-47a7-9abe-1da482e56bdb,CON,PCCP_RULE,2.0,Medium
a746fe94-08d2-4dff-8bbd-775d8a8d7f36,CON,PCCP_RULE,2.0,Medium
6456744b-dfb1-42f5-bc03-cd0954d5699d,CON,PCCP_RULE,3.0,High
c41b5ab5-8305-4ff6-a9de-491f6c6e8a13,CON,PCCP_RULE,1.0,Low
b791d632-3d7e-4f35-a9fb-71e17774670e,CON,PCCP_RULE,1.0,Low
ee884327-de00-4c98-8bd8-74f62ac67da2,CON,PCCP_RULE,2.0,Medium
83c806ac-f5d9-4d19-9154-bf91c2d2739c,CON,PCCP_RULE,2.0,Medium
f44740bc-3bee-42f6-99bf-d9187b8c7651,CON,PCCP_RULE,2.0,Medium
a433946d-5906-4c56-b329-cf4c1b17df1c,CON,PCCP_RULE,1.0,Low
458951a3-d07c-4db4-b326-d4b75b1100b5,CON,PCCP_RULE,1.0,Low
ac34bb6c-6751-4dfb-ad26-1f61ef4c983d,CON,PCCP_RULE,1.0,Low
f144fb68-64d1-4ade-9652-875f551b4141,CON,PCCP_RULE,1.0,Low
776f08a7-3c4e-4ef6-829e-7df3e8c62fff,CON,PCCP_RULE,1.0,Low
0c503e7c-3c45-4d19-b683-950299c9413b,CON,PCCP_RULE,1.0,Low
ceab7331-3fe5-4d15-a3af-d5e3eb940b65,CON,PCCP_RULE,1.0,Low
e5bb72bd-5a50-4ec7-acc2-62376417199c,CON,PCCP_RULE,1.0,Low
e719ae94-a4fa-4506-b5cb-67e46c56e73f,CON,PCCP_RULE,1.0,Low
7bd088a0-9553-42cf-a26c-fd761fc80857,CON,PCCP_RULE,1.0,Low
1bfcee82-d6c2-4dc8-a0ef-b937df9065f5,CON,PCCP_RULE,1.0,Low
c185022a-4d50-4931-a0af-6c79054b487c,CON,PCCP_RULE,3.0,High
8cffee09-78ce-4782-8eef-0dc5d99b61a4,CON,PCCP_RULE,3.0,High
ee97edb8-5567-4a85-a300-cee9f1a5c04f,CON,PCCP_RULE,2.0,Medium
c79e5b8a-3827-4d99-9846-fa385e5b7b90,CON,PCCP_RULE,2.0,Medium
f465bf89-dc92-4d03-8de5-06a4a5615a39,CON,PCCP_RULE,1.0,Low
eaddaf94-289f-490c-8bea-f2155f82cf3c,CON,PCCP_RULE,1.0,Low
c54fb9bb-74cd-4690-82c6-01561b284b5d,CON,PCCP_RULE,2.0,Medium
ccd3af32-1b0d-4aab-a978-e6ea327a28a2,CON,PCCP_RULE,1.0,Low
5e1325c3-060b-4670-9a65-e17e286f6d38,CON,PCCP_RULE,1.0,Low
55bbb7b2-6055-4a57-9536-de5b379face4,CON,PCCP_RULE,1.0,Low
9542b214-6f0f-489f-b9d6-3e803e1670e9,CON,PCCP_RULE,3.0,High
ecfa1744-5a64-4fa3-ba87-7560a9de9209,CON,PCCP_RULE,3.0,High
25883e2b-de26-4d5c-b03b-46910921998c,CON,PCCP_RULE,1.0,Low
376b5c0c-0aba-4287-b709-7e2395ce182c,CON,PCCP_RULE,1.0,Low
cea62590-e28c-49c9-b550-17df9f98764b,CON,PCCP_RULE,2.0,Medium
aef433c7-c92d-453f-b4cc-c082260b0613,CON,PCCP_RULE,2.0,Medium
8dacdd76-9fde-4143-a7be-93b42b9164fb,CON,PCCP_RULE,2.0,Medium
12ea726d-7077-4b17-834a-7fbc3ee71eb5,CON,PCCP_RULE,1.0,Low
eeedc184-3063-4c9d-8f3e-b939f2e88cb1,CON,PCCP_RULE,1.0,Low
7d5fc3ed-eed5-40f2-bfaf-b8be04e596e4,CON,PCCP_RULE,1.0,Low
9337fdfb-978c-4d2a-b41f-0b64828ae3b8,CON,PCCP_RULE,2.0,Medium
1193dbf8-a266-4482-ad61-be2b5dae502f,CON,PCCP_RULE,3.0,High
0b779884-055a-4836-989f-57211b88a71d,CON,PCCP_RULE,3.0,High
79fdf75e-9f6a-4b25-a337-70b3e64aadc9,CON,PCCP_RULE,2.0,Medium
f1c65a0d-a76a-4431-8d1d-d2cf9a3437ed,CON,PCCP_RULE,2.0,Medium
3c9011d4-1478-47d8-a375-08539492813c,CON,PCCP_RULE,2.0,Medium
2b0f297c-6b15-43ec-b76b-418249307ecf,CON,PCCP_RULE,3.0,High
b67ac2a5-fb09-4eb5-928a-c0a497f50a6a,CON,PCCP_RULE,2.0,Medium
78c1a684-6bd9-44ff-8145-eacee1b17dbd,CON,PCCP_RULE,2.0,Medium
3aa709e0-407b-4491-9294-b17e6235f2e4,CON,PCCP_RULE,2.0,Medium
44ab64eb-78af-491e-97df-56a023ab9750,CON,PCCP_RULE,3.0,High
fdea90b7-90b7-424c-ad53-e70f07c8f55e,CON,PCCP_RULE,1.0,Low
efe7795d-42ac-4b21-ab71-b7f158bef11f,CON,PCCP_RULE,2.0,Medium
6a7340db-5a92-4fd5-83df-cdf9d97cc877,CON,PCCP_RULE,2.0,Medium
9d9e8d3f-05d2-4d76-bd51-73ff572d5c73,CON,PCCP_RULE,2.0,Medium
f5b5738b-32cc-4807-b179-e0ed72304c9f,CON,PCCP_RULE,2.0,Medium
d34b3660-2bfe-4b67-a780-38dc075186d4,CON,PCCP_RULE,2.0,Medium
0eccc947-64b4-4cef-83f9-b02a55667ecf,CON,PCCP_RULE,1.0,Low
95fb76be-6efe-45e6-9c6e-006f4a6fa6a6,CON,PCCP_RULE,2.0,Medium
cd7f7e23-51b9-4d6b-b2c6-04fd6ba01636,CON,PCCP_RULE,1.0,Low
5ac4944f-34ce-414b-91be-f33ac6d3fba6,CON,PCCP_RULE,1.0,Low
cf66a4f2-f6fc-470d-8d63-bca26af592bd,CON,PCCP_RULE,2.0,Medium
83cac490-cc5c-41c6-bc87-fd27c3d6d783,CON,PCCP_RULE,2.0,Medium
53b70b82-a5c2-4eac-b0b4-348827b75f38,CON,PCCP_RULE,1.0,Low
efba03de-88e9-4ecf-ba9f-b6a4a1fd832d,CON,PCCP_RULE,2.0,Medium
efa0742e-4eb7-470a-832c-c16efa4321ec,CON,PCCP_RULE,1.0,Low
3a09e663-465b-4462-b3e2-1f00bc88e12c,CON,PCCP_RULE,1.0,Low
c00c5a73-3894-406a-a4e8-e81379749feb,CON,PCCP_RULE,2.0,Medium
f913a746-d9e6-4597-8468-6118c56ed262,CON,PCCP_RULE,2.0,Medium
25f659f9-80c2-4af4-a43a-63c31a826132,CON,PCCP_RULE,2.0,Medium
13f47c70-1f04-4225-894d-c5dbb0847f03,CON,PCCP_RULE,1.0,Low
a80f627b-d59a-424d-a340-ccf68e5f6f2b,CON,PCCP_RULE,2.0,Medium
492593f1-46eb-4d4f-a6de-d1b91e97acbb,CON,PCCP_RULE,1.0,Low
5e7edfb0-3776-44dd-82d8-9db17f447343,CON,PCCP_RULE,2.0,Medium
e4b21eba-82b5-49a8-9f73-2539b2a50d7a,CON,PCCP_RULE,2.0,Medium
f9e21d6e-c6d4-4697-8d6d-9743024ec55e,CON,PCCP_RULE,1.0,Low
2754b5d3-3a98-4103-84c6-e04e0dfaeda9,CON,PCCP_RULE,2.0,Medium
b5237ac5-52e6-49cf-a845-1bcfa02c066c,CON,PCCP_RULE,1.0,Low
cf2e5c37-dfe4-4d2e-9d3d-e2ebc7340f9b,CON,PCCP_RULE,1.0,Low
bab7fa9c-c7f9-42ff-a5fb-f8d17d4c0a09,CON,PCCP_RULE,1.0,Low
105ef781-992b-4e68-8244-e46015313072,CON,PCCP_RULE,1.0,Low
71305f98-3567-4f97-a5f6-58dcace8b590,CON,PCCP_RULE,1.0,Low
53685905-3060-47d5-b4bf-cbd092f7555c,CON,PCCP_RULE,1.0,Low
07545889-4493-410d-b4f4-9049f295a644,CON,PCCP_RULE,1.0,Low
da95bef7-443b-4b0a-8708-59b1cba1a768,CON,PCCP_RULE,1.0,Low
a2a208ac-d25c-4af1-8196-be8ab2db4d91,CON,PCCP_RULE,1.0,Low
0fa58b67-1b1c-4a53-a330-ad8ce9a3e954,CON,PCCP_RULE,1.0,Low
23d0ef22-0661-4650-9756-2755d3ed28f6,CON,PCCP_RULE,1.0,Low
936880b5-f0ae-452a-9be6-8ab15c53afe0,CON,PCCP_RULE,1.0,Low
8ac7fcc0-44cd-4c9f-b17c-dde5e55196a6,CON,PCCP_RULE,1.0,Low
cac9854e-1097-4a49-919e-573c0dcee4e9,CON,PCCP_RULE,1.0,Low
0fc8741b-c3a5-46b8-a67b-5b24766f676d,CON,PCCP_RULE,1.0,Low
46210c35-12fa-4d4c-8d95-9c0ed884f9f0,CON,PCCP_RULE,1.0,Low
22373f62-b193-496a-9b1e-a64cdd1b5515,CON,PCCP_RULE,1.0,Low
5305ed01-cce9-4cb0-9880-be0f97834258,CON,PCCP_RULE,1.0,Low
fdb0995e-ffec-4512-a8dc-6bb0f5da20ff,CON,PCCP_RULE,1.0,Low
09d3f7f7-fce9-4971-985a-377e99bccfbe,CON,PCCP_RULE,2.0,Medium
45bc6de8-57ea-40b3-af95-e1e49a44a677,CON,PCCP_RULE,3.0,High
9ec96f26-aea9-4b68-8318-8082cf7250a5,CON,PCCP_RULE,3.0,High
8235458d-32b1-4792-a137-6625883ba0a5,CON,PCCP_RULE,2.0,Medium
26345f61-8fe2-4502-aa26-caa1f1d6c10a,CON,PCCP_RULE,2.0,Medium
13976a58-e442-4098-8197-8744de25ad11,CON,PCCP_RULE,1.0,Low
f1075586-d30d-4124-8a96-ff674b2fbdc8,CON,PCCP_RULE,1.0,Low
d0e12455-a4d5-4168-87f3-85646fb9c3ec,CON,PCCP_RULE,1.0,Low
9250e203-53dd-485f-9c5b-8090b0091b94,CON,PCCP_RULE,1.0,Low
c42ddcbc-90da-4d0b-8541-99f2776c357a,CON,PCCP_RULE,1.0,Low
95c88197-9fac-450b-9404-e04cd3ea3cbf,CON,PCCP_RULE,1.0,Low
724ba87d-8355-4d35-bb28-403e161d480e,CON,PCCP_RULE,1.0,Low
36bf0c15-b8b8-4efa-8c7c-9d2fe6aba55d,CON,PCCP_RULE,2.0,Medium
09abf038-4503-4a20-b912-851aa84dc041,CON,PCCP_RULE,1.0,Low
65070f41-e7f0-4084-88ab-e0b11dba4447,CON,PCCP_RULE,1.0,Low
190b4ae9-02f2-4cbd-b6f6-70781a27ddaf,CON,PCCP_RULE,2.0,Medium
495a25a6-c914-4755-9477-2cb248d729ae,CON,PCCP_RULE,2.0,Medium
e8925c2d-7bbd-46fe-b791-ded40d2af553,CON,PCCP_RULE,2.0,Medium
5b31d00f-9b54-43b4-abb9-ebfc0173e29a,CON,PCCP_RULE,1.0,Low
a59d2d18-bbf1-4c15-9ccf-c03a1392bb1e,CON,PCCP_RULE,2.0,Medium
7ddbb40f-343f-4818-9611-cf75f3cfcc00,CON,PCCP_RULE,1.0,Low
d5b31976-8768-4fd6-8e92-086a3cf587a1,CON,PCCP_RULE,1.0,Low
8290098a-58da-445b-81a9-7e8ed8820761,CON,PCCP_RULE,1.0,Low
d4b287bb-8667-4f04-a4f4-08c35ec48d22,CON,PCCP_RULE,2.0,Medium
d2d69c68-57e0-46e4-9463-674093b6e53d,CON,PCCP_RULE,2.0,Medium
f746e4f3-12b8-42ea-a0c8-926d6f9291e4,CON,PCCP_RULE,2.0,Medium
5456fc1a-ef4e-4763-a12a-7c70657e1fa3,CON,PCCP_RULE,2.0,Medium
db4874b0-774e-4381-91e6-b5cf79624597,CON,PCCP_RULE,2.0,Medium
3b6279fd-0a0d-402c-a869-8aac0d79d0f9,CON,PCCP_RULE,2.0,Medium
370a3f3c-29ed-4db8-ad77-19944ba703e4,CON,PCCP_RULE,1.0,Low
d8d0646f-1ef8-4906-a048-5544befef2e0,CON,PCCP_RULE,1.0,Low
540b4c19-5704-4b4d-b2e0-f494a28f7687,CON,PCCP_RULE,1.0,Low
9fe0ce64-0112-4e4b-8b04-894aeec23024,CON,PCCP_RULE,1.0,Low
dd9fcfd6-243d-4d52-947b-75163ca60ab5,CON,PCCP_RULE,2.0,Medium
07e73069-5d0d-4d88-808a-0744de67a0e8,CON,PCCP_RULE,3.0,High
cf9361ec-365f-45aa-9a45-571ea6370d7d,CON,PCCP_RULE,2.0,Medium
6209c2b4-6b1b-41f4-aed7-03a81480787c,CON,PCCP_RULE,1.0,Low
d71ff534-453e-4748-bac2-db035efab024,CON,PCCP_RULE,1.0,Low
83026e92-d683-47fb-b68c-8b02202b5719,CON,PCCP_RULE,1.0,Low
a22e48a5-2347-43dc-9d5d-b17d6d99664d,CON,PCCP_RULE,1.0,Low
25799753-51d4-4dde-867d-f2c16c2e2a3c,CON,PCCP_RULE,1.0,Low
4cdebb62-a7b4-4118-9a08-1cbed696c9ab,CON,PCCP_RULE,1.0,Low
9e10ead4-9171-48dd-a9be-2d0d3fc6b15e,CON,PCCP_RULE,1.0,Low
af414a18-b46c-4412-bbf1-cf6d1e6d49bd,CON,PCCP_RULE,1.0,Low
69c99d3c-b354-4ddd-82e5-9dd8c2b4c455,CON,PCCP_RULE,1.0,Low
c182db79-0ad9-4e2f-b3a6-5bddcfca7b5c,CON,PCCP_RULE,2.0,Medium
8d533fcd-2534-4676-b6c7-5614b03e30c3,CON,PCCP_RULE,2.0,Medium
1a90c580-80a6-4881-a10c-8229860fc7ce,CON,PCCP_RULE,2.0,Medium
a428524a-be18-4eb1-8925-72b96340dc7b,CON,PCCP_RULE,3.0,High
d01c73ee-9d89-46f2-a30d-f135c55deba0,CON,PCCP_RULE,3.0,High
237b6ed1-342f-4844-87c1-40837d2156b9,CON,PCCP_RULE,2.0,Medium
04964b34-dce7-4784-8d7c-93d1ff651293,CON,PCCP_RULE,2.0,Medium
7f8c2c12-4170-476b-a280-ba0c1730d790,CON,PCCP_RULE,1.0,Low
a723e96a-b89e-49dd-af9f-fc7be3087b82,CON,PCCP_RULE,1.0,Low
63a88180-bb86-43d6-a247-d31ca6d347e0,CON,PCCP_RULE,3.0,High
9b118b45-a3f9-4039-8d68-9e9a28b69221,CON,PCCP_RULE,2.0,Medium
cabfc9e6-c6d8-4ebd-9a92-a1d0587948fd,CON,PCCP_RULE,1.0,Low
59203d92-5bf6-44dc-8402-5da52e21729b,CON,PCCP_RULE,1.0,Low
4ad6b92e-cb19-4cc2-adda-19c5ffc227fc,CON,PCCP_RULE,1.0,Low
0222c9e1-f082-434f-9fdb-60f576c4eb77,CON,PCCP_RULE,2.0,Medium
15ccc072-ca71-4b22-bc40-99bccf380e35,CON,PCCP_RULE,2.0,Medium
706c38aa-9e1e-47d3-82cb-5b9ddf50aa69,CON,PCCP_RULE,2.0,Medium
f8c995db-347f-45fa-8007-7955ef9a0f41,CON,PCCP_RULE,1.0,Low
7df75fbb-3512-4774-8e16-79ed77db9c71,CON,PCCP_RULE,1.0,Low
bcf52d25-dc4d-43cb-8a12-4734da96b9e7,CON,PCCP_RULE,3.0,High
c4205f8c-3901-4e3a-b068-2b5086e3c4f3,CON,PCCP_RULE,3.0,High
e326711c-4791-45e6-84b8-ba205f9990f5,CON,PCCP_RULE,1.0,Low
a772303b-7366-4d65-82de-820d69e32284,CON,PCCP_RULE,2.0,Medium
23bf92d1-ff2c-4937-9c99-d160923d5451,CON,PCCP_RULE,2.0,Medium
9b9cbe9b-e8bb-4cf6-aaf3-06837330ff4e,CON,PCCP_RULE,1.0,Low
04339139-9ede-4151-a44e-b70daf1935ed,CON,PCCP_RULE,1.0,Low
f1608b08-a0f6-4c0f-b71b-527e489fe9a2,CON,PCCP_RULE,3.0,High
a6d6bc72-64ad-41f4-a699-170b0019b28c,CON,PCCP_RULE,3.0,High
4e97fd1e-4324-4f17-8f1a-7e523a91cafa,CON,PCCP_RULE,3.0,High
1092f947-2386-4f60-a35c-1dfbe5199b28,CON,PCCP_RULE,1.0,Low
03637ea6-5dc8-4911-bd29-b12d9c8268d7,CON,PCCP_RULE,1.0,Low
d88b654d-63b9-4516-a2e5-48420f783f00,CON,PCCP_RULE,1.0,Low
36fab0da-8e19-4f1d-b716-a2682ac4e4d4,CON,PCCP_RULE,1.0,Low
159a19c8-9ee2-4d97-a81e-85cadf3d5956,CON,PCCP_RULE,1.0,Low
01fcf5a7-bc3d-49c7-9fd0-429aedbce121,CON,PCCP_RULE,1.0,Low
61de804c-ca19-454b-85dd-1f7911c5c72a,CON,PCCP_RULE,2.0,Medium
19bbe687-c7c4-473d-b1d8-9659ee18c404,CON,PCCP_RULE,2.0,Medium
ad92ca11-0f88-451a-a854-1053b83b0a77,CON,PCCP_RULE,2.0,Medium
6dcc32df-0a2c-4485-9e54-711b9736baf1,CON,PCCP_RULE,2.0,Medium
d4cc526f-d4d5-4e79-ad72-5da97a222fcb,CON,PCCP_RULE,2.0,Medium
8a0e793e-d18d-459a-81aa-f39dca09a8e0,CON,PCCP_RULE,2.0,Medium
09d87a5b-55a1-4040-a113-54054bcdaa28,CON,PCCP_RULE,2.0,Medium
e6796469-834c-4858-9e74-e870842d3ca4,CON,PCCP_RULE,2.0,Medium
9357bb49-8a7c-4373-a903-b96b93704b71,CON,PCCP_RULE,2.0,Medium
2b69df97-da17-476f-b021-5fb2521b062c,CON,PCCP_RULE,2.0,Medium
95a76862-f1c4-4879-9338-369622596faa,CON,PCCP_RULE,2.0,Medium
c279a890-538a-4624-8849-2d5403172945,CON,PCCP_RULE,1.0,Low
7492d1a2-f0c2-4ba8-9e53-1116b20111db,CON,PCCP_RULE,1.0,Low
888977d3-4faf-4c90-b622-09d35b5fa4e5,CON,PCCP_RULE,1.0,Low
178d0016-860a-407d-a124-079473e55098,CON,PCCP_RULE,1.0,Low
eaca195f-0f24-4256-8b1b-91f34c824e01,CON,PCCP_RULE,1.0,Low
e3e14ae8-3fc3-4df5-a970-a9c12bde6997,CON,PCCP_RULE,2.0,Medium
c038a6ef-8f4f-4671-a00e-036f5f5432d6,CON,PCCP_RULE,3.0,High
088d3de3-2d25-4a5f-a92a-2def7f013484,CON,PCCP_RULE,3.0,High
807ee942-cd0a-4ccd-bd10-d22302ac52e1,CON,PCCP_RULE,3.0,High
d749b138-941e-4a08-8124-742d5ae2eaf5,CON,PCCP_RULE,1.0,Low
bd8f76fb-f44a-4d07-881f-556782209e14,CON,PCCP_RULE,3.0,High
58701ca1-d3ff-410b-9212-3775c038c514,CON,PCCP_RULE,1.0,Low
eb288b61-4aa6-446f-aca7-70ce154a8138,CON,PCCP_RULE,2.0,Medium
b4315a4e-91d6-432a-9d88-0f4732950c24,CON,PCCP_RULE,1.0,Low
41a1f3a7-df61-4a8c-a9b8-67eb87cf7bd5,CON,PCCP_RULE,2.0,Medium
e39314b0-8313-4b28-b3bd-757bbe6a4aa3,CON,PCCP_RULE,1.0,Low
142dd3ef-2223-48dd-8f80-597051877dea,CON,PCCP_RULE,1.0,Low
2f609a06-b5bc-441c-996c-3eb6506173b4,CON,PCCP_RULE,1.0,Low
488aa4fd-6ee9-4d3b-a9b9-86b37c9aa00a,CON,PCCP_RULE,2.0,Medium
2d4db795-7e01-44ff-9805-f586d1df9b3c,CON,PCCP_RULE,2.0,Medium
1303e236-a535-440a-bd51-8457df4a9830,CON,PCCP_RULE,1.0,Low
da6fe1b5-2340-4fd4-bd8a-b93c89447adb,CON,PCCP_RULE,1.0,Low
e4c06016-a515-4f5a-9ef2-0d3b3059d48f,CON,PCCP_RULE,1.0,Low
fab3bff4-b59f-4eae-bcce-1763d369d028,CON,PCCP_RULE,1.0,Low
830b6903-8cff-4876-ad39-d1edb3ddfe0f,CON,PCCP_RULE,1.0,Low
5cbec20a-618d-456b-8e89-a0a069ef3384,CON,PCCP_RULE,3.0,High
ffec9a40-422b-4c15-8419-986d8d643e10,CON,PCCP_RULE,1.0,Low
e379310e-203a-4e84-a068-fe6b5b430867,CON,PCCP_RULE,1.0,Low
442a3c35-7dc6-4455-89d0-c20bac674915,CON,PCCP_RULE,2.0,Medium
d532249a-5867-41cf-b0b7-b14a5ccc90dc,CON,PCCP_RULE,2.0,Medium
93505b28-c29e-40f4-90d2-7589cf9f8468,CON,PCCP_RULE,2.0,Medium
46aa3572-5426-4ccc-b76d-5144d1a7d4ef,CON,PCCP_RULE,1.0,Low
28f3f3d5-0360-4c1a-9d15-25de93c4aef7,CON,PCCP_RULE,3.0,High
af47212e-f818-45f8-8ae7-c26151a37774,CON,PCCP_RULE,1.0,Low
9b523c76-0775-475f-9719-1f05bb4a6e8b,CON,PCCP_RULE,1.0,Low
9c98a4a9-3566-4b4a-b562-d1dca2b3391b,CON,PCCP_RULE,3.0,High
4ffd4cc7-cfcd-4faa-89c3-4196e33e7d31,CON,PCCP_RULE,1.0,Low
c7f90d28-c3fc-4866-88c8-ee26ed989230,CON,PCCP_RULE,1.0,Low
40cd0c60-eff6-42ae-b4ae-62855fe4c459,CON,PCCP_RULE,1.0,Low
3f2aa3ce-05a0-4836-bd07-c12f9845643a,CON,PCCP_RULE,2.0,Medium
d77d71af-ca17-4028-8482-e5be488b5153,CON,PCCP_RULE,2.0,Medium
aebdb27d-2918-422c-9f1c-3f88524b63b9,CON,PCCP_RULE,1.0,Low
8b51b3ec-0882-4a53-aaa0-034a2797dd2c,CON,PCCP_RULE,1.0,Low
5e1a67a9-ff5a-470d-a8c4-5a5d947240fe,CON,PCCP_RULE,2.0,Medium
e4061ed2-fbe2-4a14-9e32-d7a4188d0173,CON,PCCP_RULE,1.0,Low
648a4ade-b6d4-4bb6-a2e7-89ea2b852f4d,CON,PCCP_RULE,1.0,Low
ec6fe077-89de-466c-8f5e-fba25c27f1ab,CON,PCCP_RULE,1.0,Low
35884221-54be-43f3-a16b-147762b6e5f8,CON,PCCP_RULE,1.0,Low
b77a21ce-0b69-4c10-ae3e-8ac91caa4ac3,CON,PCCP_RULE,1.0,Low
c1ec2962-ada2-4e3c-82a1-af0d2c145419,CON,PCCP_RULE,1.0,Low
a13207a8-35db-4f1a-8287-3baf82caaa97,CON,PCCP_RULE,1.0,Low
da417421-daee-43f5-b372-8bbe8cd043a4,CON,PCCP_RULE,1.0,Low
ab163798-67b6-4ba8-8b5f-c9c5a3548211,CON,PCCP_RULE,3.0,High
93fcc2c4-abd1-42fc-906d-833b9e85ae0b,CON,PCCP_RULE,1.0,Low
9fadaa41-603e-4622-bd26-b759ee611294,CON,PCCP_RULE,2.0,Medium
a993933a-f92a-410e-a242-d590897f3194,CON,PCCP_RULE,1.0,Low
f6a754bc-25fe-4669-bf61-b9a8d4ab765b,CON,PCCP_RULE,1.0,Low
4ba307b5-5b31-4119-97ba-fe2c22e2fdd3,CON,PCCP_RULE,1.0,Low
794db650-77e0-4336-bab2-afbac34bfeae,CON,PCCP_RULE,1.0,Low
8b7485ff-8d1e-4cef-ad03-f9700069cdfb,CON,PCCP_RULE,1.0,Low
878efe97-c7d5-43f1-9a85-ee8fffb1d263,CON,PCCP_RULE,1.0,Low
3c3f700f-d3b6-465e-85e0-5bbc259b7af1,CON,PCCP_RULE,3.0,High
41a808be-1bb0-4748-a588-f9832dbe7e05,CON,PCCP_RULE,1.0,Low
36661828-8d74-4bf9-8263-b41561ad129f,CON,PCCP_RULE,1.0,Low
80e2127c-18c4-4d27-a605-60413cf6c923,CON,PCCP_RULE,1.0,Low
06528470-2d3e-41fd-b545-51e3b51b8ddc,CON,PCCP_RULE,2.0,Medium
9a0ebf42-8aa8-4e13-ac91-f592afc159bb,CON,PCCP_RULE,1.0,Low
88b04c91-62b8-4643-a5bc-eef63cf49ac1,CON,PCCP_RULE,2.0,Medium
5addeac3-a25d-4f0a-aa86-8eea0be2ee44,CON,PCCP_RULE,3.0,High
0c9f55a2-3976-4209-a034-5ba59364241e,CON,PCCP_RULE,3.0,High
5a1c0317-f2d0-4fe4-a801-63bc3a202673,CON,PCCP_RULE,1.0,Low
75ded702-049c-407a-8a70-5e6b831f289e,CON,PCCP_RULE,1.0,Low
3706e2e7-44e4-4e41-af52-ae3349672524,CON,PCCP_RULE,1.0,Low
9a7f735d-5f2d-41a0-8db8-0cc487f6e9b8,CON,PCCP_RULE,2.0,Medium
f6e06ff4-6198-418b-9a05-440305dae2a9,CON,PCCP_RULE,2.0,Medium
45f7a72c-f8ed-4832-abb2-9ea7a74bac3b,CON,PCCP_RULE,2.0,Medium
3950c245-33db-4f94-859c-838faac2abe9,CON,PCCP_RULE,2.0,Medium
a7955d15-8665-46e0-9c48-c74697779283,CON,PCCP_RULE,1.0,Low
ecbf03de-8e24-4780-b70d-331f12b94060,CON,PCCP_RULE,1.0,Low
5d68a020-5f4f-4220-bc60-cbc2c40dfbbe,CON,PCCP_RULE,1.0,Low
24e7f864-097c-41cb-a1a4-fa28124c11a9,CON,PCCP_RULE,1.0,Low
548c84f7-2941-4970-b24e-18be77995270,CON,PCCP_RULE,1.0,Low
f6c32e4d-194a-47fd-8b4e-1f1a5d7eadcc,CON,PCCP_RULE,1.0,Low
fd02dc61-4e20-4f8d-96d3-9ab9b8618c85,CON,PCCP_RULE,1.0,Low
d1c861c4-f0a6-434b-b4f9-65b05e5d34b9,CON,PCCP_RULE,1.0,Low
64073a2a-c273-4d1a-8e28-c39c1ac0232f,CON,PCCP_RULE,1.0,Low
117d87c5-6050-4ce1-9797-9a2ec2dd87bb,CON,PCCP_RULE,1.0,Low
a0df5640-6868-4de6-bd5f-5a34259e1d6c,CON,PCCP_RULE,1.0,Low
62e0f00f-28d9-4b5f-99d9-806b06d5693b,CON,PCCP_RULE,3.0,High
ccd4bff7-eff7-48d5-831b-7c46f7c12fcb,CON,PCCP_RULE,2.0,Medium
b7a46dc9-ca58-4c48-b095-96c76d69a72e,CON,PCCP_RULE,1.0,Low
6f141c8c-f4cf-4942-838a-4e8ccf6d4f24,CON,PCCP_RULE,1.0,Low
f0bb198c-9159-47aa-a9ac-8586b5af4167,CON,PCCP_RULE,1.0,Low
01e2095d-75cb-4b4a-87a4-a048c1f6735e,CON,PCCP_RULE,1.0,Low
94159007-0066-456b-b434-20e531df6381,CON,PCCP_RULE,1.0,Low
631bc9e8-4aa1-441a-af07-564fcecd3dd3,CON,PCCP_RULE,1.0,Low
799344f1-a80f-4c94-91f0-5b87dba31d0a,CON,PCCP_RULE,2.0,Medium
9090a47f-974f-4711-87a0-70adc17c03af,CON,PCCP_RULE,1.0,Low
89c7d503-e037-4295-8f77-c4ff1319b714,CON,PCCP_RULE,1.0,Low
1d020780-26c0-49de-bfb1-cad061705ab3,CON,PCCP_RULE,2.0,Medium
b3ee88a2-41af-46df-a23e-411762b74aa6,CON,PCCP_RULE,2.0,Medium
db3a20c0-7e97-407f-a1f0-ac7091616b9c,CON,PCCP_RULE,2.0,Medium
b6bace9f-925c-4481-953f-a0b4f1e343d2,CON,PCCP_RULE,2.0,Medium
b31367e5-a0f4-4930-97cc-613e7939d94e,CON,PCCP_RULE,2.0,Medium
0d358e60-0128-49f7-b6a4-1ffdb81a9005,CON,PCCP_RULE,1.0,Low
6704ac21-87db-4268-b25c-60e9e9701d95,CON,PCCP_RULE,2.0,Medium
8a0a1f87-1ab6-40dd-8d36-cfb33e3677bb,CON,PCCP_RULE,1.0,Low
ba6ad2e4-fffa-43c5-86fb-ecf66528cea0,CON,PCCP_RULE,1.0,Low
db7cd9b1-e9dd-4268-b179-d9b10685c0e9,CON,PCCP_RULE,2.0,Medium
93c57751-b76d-46b8-a9de-9ad2d823487a,CON,PCCP_RULE,2.0,Medium
0871e103-8fbf-4c85-903c-aaf6dede60ea,CON,PCCP_RULE,1.0,Low
33e3b37a-e566-4c78-81d1-9ac64c2ce096,CON,PCCP_RULE,2.0,Medium
9ef499e6-37e7-4553-9bff-aba7e76df61a,CON,PCCP_RULE,1.0,Low
fe299f3e-56ba-400c-8333-2ed95a94a612,CON,PCCP_RULE,2.0,Medium
ba882926-a52d-4ee7-904d-5afe766e64cd,CON,PCCP_RULE,1.0,Low
c17e27aa-c141-42fb-b217-7a6c79f8d906,CON,PCCP_RULE,1.0,Low
d929e529-72b4-4f5b-ac0d-d92828eeda5a,CON,PCCP_RULE,2.0,Medium
cfae91b2-af69-4222-b76d-9ce0f967410a,CON,PCCP_RULE,2.0,Medium
38f1efb2-acbf-4c63-853b-c47956ec45c6,CON,PCCP_RULE,1.0,Low
274e14ee-e755-49e2-83ba-131aafaad297,CON,PCCP_RULE,1.0,Low
3b14ed7a-5e05-45f7-bf40-531271dec16a,CON,PCCP_RULE,1.0,Low
04b480f7-13f2-454a-a2ca-1713b9d6a170,CON,PCCP_RULE,1.0,Low
f085de75-4c0a-4557-9221-3c2110bb6cb0,CON,PCCP_RULE,1.0,Low
19e8eb5d-0b41-4563-89f1-c9df93c4a309,CON,PCCP_RULE,1.0,Low
28ab6334-3f0f-4b23-852d-a330dbc7e041,CON,PCCP_RULE,1.0,Low
aa68df89-2982-4cda-a130-b0d90194b927,CON,PCCP_RULE,1.0,Low
9235315c-ad0d-400a-966d-2dc01159ed8a,CON,PCCP_RULE,2.0,Medium
c63bd02f-59e7-4ac7-a132-f6c2c760db0d,CON,PCCP_RULE,3.0,High
d67934f3-399f-48fc-9168-3cd96c8ab6bf,CON,PCCP_RULE,2.0,Medium
c28c2902-fe28-44fc-95db-1eee32f4d417,CON,PCCP_RULE,2.0,Medium
f8500675-8a9d-4c0c-a320-c794756ed2a8,CON,PCCP_RULE,2.0,Medium
3af9371b-2f21-48e2-9e8b-7778b221ae71,CON,PCCP_RULE,2.0,Medium
74bc03ae-03bf-4c74-b41a-60eca1ea6ae8,CON,PCCP_RULE,2.0,Medium
040a13e0-782f-43c7-9226-e39d090792d9,CON,PCCP_RULE,2.0,Medium
fa187418-d620-4933-8822-8d0b8bf82d4d,CON,PCCP_RULE,2.0,Medium
bbee4f2c-9fbe-4d19-ba47-d380c56ff00c,CON,PCCP_RULE,1.0,Low
530deefc-1cd6-491e-8fee-988dcca0e317,CON,PCCP_RULE,1.0,Low
5d988d1f-ec56-4737-bebe-46a63d9b7346,CON,PCCP_RULE,2.0,Medium
446491c5-c106-47cb-9876-f49b24f358fb,CON,PCCP_RULE,1.0,Low
3ef7ed70-ac68-4130-9884-fad1a739f6ad,CON,PCCP_RULE,2.0,Medium
01526d00-e093-44d3-a23c-67ab6c240083,CON,PCCP_RULE,1.0,Low
e98875c5-01aa-48f4-a6a8-80b941c1c01a,CON,PCCP_RULE,2.0,Medium
ff77c766-8aa2-404d-b80b-53762ed769ab,CON,PCCP_RULE,2.0,Medium
e2890151-ebf7-4464-b97e-feffb556ca72,CON,PCCP_RULE,2.0,Medium
ea1756dc-b516-48f5-a3e5-28fd15492b06,CON,PCCP_RULE,2.0,Medium
47f58894-c404-4a1c-b5fb-631ca1a6ae82,CON,PCCP_RULE,2.0,Medium
3b6c3088-cde0-48df-af80-819adc5ad878,CON,PCCP_RULE,2.0,Medium
d9023426-a6a2-4506-b99f-f491c655ce37,CON,PCCP_RULE,2.0,Medium
df3ca210-407d-4d6a-8613-cfcdb5335226,CON,PCCP_RULE,2.0,Medium
b3d8110d-b180-454e-a2d9-06ba6991fe85,CON,PCCP_RULE,2.0,Medium
cff3dbf2-ac6f-477a-b6d4-5bf867f5e8ff,CON,PCCP_RULE,2.0,Medium
8d8c615b-2dfd-43cf-b93c-5b62fb9fec76,CON,PCCP_RULE,1.0,Low
bf338a54-65b2-4c69-b967-1e75e3687cf7,CON,PCCP_RULE,1.0,Low
38aa9dab-30c6-4e63-97f4-a7afd7db601c,CON,PCCP_RULE,1.0,Low
bf36ed60-fbea-498f-8a7c-aa83fc7eefe6,CON,PCCP_RULE,3.0,High
7aba53ad-9835-4aa9-ac7c-59ee76190386,CON,PCCP_RULE,2.0,Medium
ab9a12da-4c27-44bf-afcf-b70016a5840e,CON,PCCP_RULE,2.0,Medium
e20370e3-7f18-43ba-8f67-835a3fe4a11f,CON,PCCP_RULE,2.0,Medium
85b596c6-887e-4529-bdfa-01f41f3d11ef,CON,PCCP_RULE,2.0,Medium
a9bfb11f-aab0-4ab9-ab4f-e799ba6542ec,CON,PCCP_RULE,1.0,Low
7bcd683b-bb7b-45a9-bb2a-8275a14c1968,CON,PCCP_RULE,2.0,Medium
ff3bb988-a705-41fb-bee9-9e5d3e4eb618,CON,PCCP_RULE,1.0,Low
1c13f8dc-a5a2-4d5e-bed2-99a0707cef22,CON,PCCP_RULE,1.0,Low
f3eb8063-fc93-482b-af2d-b20ec8f9f493,CON,PCCP_RULE,1.0,Low
a34b9195-95c3-4cc0-9142-6bc07fedcfe4,CON,PCCP_RULE,3.0,High
c4d5b6be-26c7-4b25-8edc-2f4ff48e7491,CON,PCCP_RULE,1.0,Low
d5fde764-6641-450b-9d06-87f707ef966c,CON,PCCP_RULE,2.0,Medium
03367f30-c5f2-4fa3-bdb1-5f137cffae1b,CON,PCCP_RULE,1.0,Low
585981e2-185e-4b46-892b-0edff3bc8a13,CON,PCCP_RULE,2.0,Medium
ba61f7d9-3da8-4287-8eff-8c8085f8fead,CON,PCCP_RULE,2.0,Medium
5cf5392f-c369-4e8e-86b1-d2fb1f6df624,CON,PCCP_RULE,1.0,Low
8d656313-d20d-4a9f-8ca2-12eeb56d6f01,CON,PCCP_RULE,3.0,High
7905e65f-6379-4383-b513-78227336d4cc,CON,PCCP_RULE,3.0,High
697f3a32-cb72-4666-9fb2-c97265b5b89c,CON,PCCP_RULE,1.0,Low
e894ad79-6add-4e4a-85fb-cade7dce4fc6,CON,PCCP_RULE,1.0,Low
6abcd625-a303-4592-9d78-40375761b910,CON,PCCP_RULE,1.0,Low
06cc2da5-1087-4bef-ad07-060a3288d1e8,CON,PCCP_RULE,2.0,Medium
f5a1761b-237e-4234-9027-a19f8625b8a1,CON,PCCP_RULE,2.0,Medium
961b208a-fca7-41f0-b19b-ce45d5c66f71,CON,PCCP_RULE,2.0,Medium
b12cbcd9-3e80-4599-85e6-57df3986c6c9,CON,PCCP_RULE,1.0,Low
5714f1ba-6dcc-4055-92a7-671ecf9f34c6,CON,PCCP_RULE,1.0,Low
eda6e134-037b-421e-b088-3c918bbb21a3,CON,PCCP_RULE,1.0,Low
d47c58cf-1c21-48f3-bc61-d72aee847376,CON,PCCP_RULE,2.0,Medium
0cec1370-b90e-4b7f-9205-c50d0b44b5c3,CON,PCCP_RULE,2.0,Medium
758c0edb-c01f-48fe-81e8-7f4f14b1e6be,CON,PCCP_RULE,2.0,Medium
ed588a41-9b65-4bdb-8da0-9769042915fa,CON,PCCP_RULE,2.0,Medium
2680f17f-3884-44b2-8ae6-0900323aca44,CON,PCCP_RULE,2.0,Medium
37e67465-499b-4edf-8b48-b2ad9813b80f,CON,PCCP_RULE,2.0,Medium
7662d48b-fb93-47cc-8429-fff24e0ceef9,CON,PCCP_RULE,2.0,Medium
0fe04f52-ef53-4ae9-967f-3a4feda1a9d5,CON,PCCP_RULE,2.0,Medium
5f681fcc-0679-4889-9f70-32f240707bd9,CON,PCCP_RULE,2.0,Medium
a6514928-9769-423b-b93b-078903eb7d7e,CON,PCCP_RULE,1.0,Low
ea249e6c-9d6c-44e8-827c-3fb9a54d5ad9,CON,PCCP_RULE,2.0,Medium
6bbc6ecb-ed3e-4191-88ca-557d5ffaa53a,CON,PCCP_RULE,1.0,Low
c2022361-167c-4c5a-8fa3-18e718c32a58,CON,PCCP_RULE,2.0,Medium
b89a853b-9622-40a1-b9db-236716088ca6,CON,PCCP_RULE,2.0,Medium
bf788dd8-cddd-4e10-87b5-211cff33d92e,CON,PCCP_RULE,2.0,Medium
4371dde7-d6ac-4aef-9cad-ee80ba5888c1,CON,PCCP_RULE,1.0,Low
2acdd7cc-5291-4bb8-8862-a6153432e1f2,CON,PCCP_RULE,1.0,Low
b6c2ca08-719f-4cf2-a004-b8b8f41b011a,CON,PCCP_RULE,1.0,Low
fe0fb686-9dae-4e16-bb68-ae5d5c9096ae,CON,PCCP_RULE,1.0,Low
4a79928f-0d55-45ff-96ad-3dd8fdd8a832,CON,PCCP_RULE,1.0,Low
328f9ed7-556b-461a-836f-f0d9aa104dac,CON,PCCP_RULE,2.0,Medium
17f7c6a0-7e2b-440a-8a8b-c120393e9d05,CON,PCCP_RULE,2.0,Medium
a154910b-2b4c-4a87-b417-67356ac76c86,CON,PCCP_RULE,2.0,Medium
83d25e46-b3b5-406a-ba2e-057a76e1d52e,CON,PCCP_RULE,1.0,Low
be602e04-6d5f-4333-85fa-60f7ec3f1c68,CON,PCCP_RULE,1.0,Low
94045481-f752-45e7-802c-eeb0d6dcec3a,CON,PCCP_RULE,2.0,Medium
76e6b070-e2f5-4927-95a0-78e04d83491e,CON,PCCP_RULE,1.0,Low
33d00b61-faea-4457-943a-7ce0a9271c0e,CON,PCCP_RULE,1.0,Low
12885977-c87d-4cd1-8ced-1c838329c068,CON,PCCP_RULE,1.0,Low
9a17f307-c36a-4e3f-bbf1-a86987047355,CON,PCCP_RULE,3.0,High
71fb6f4e-23f3-4c3b-a35e-9860bb7b6e60,CON,PCCP_RULE,1.0,Low
27808dab-7a27-4d24-ae07-fe6d4e66b919,CON,PCCP_RULE,2.0,Medium
c0909a59-a2c5-4875-a0b7-6264c00b8c9d,CON,PCCP_RULE,2.0,Medium
97f860a7-c7b0-44d3-9e92-0436ca68361d,CON,PCCP_RULE,2.0,Medium
164d3a9d-ed4f-484a-967d-4f9c57ff2c82,CON,PCCP_RULE,1.0,Low
3f3aa93c-1b49-4e71-a799-4e0c0cedd492,CON,PCCP_RULE,1.0,Low
14a8d1d6-285f-4355-9484-035ab66d8d7c,CON,PCCP_RULE,1.0,Low
d572b0a6-cb8f-4e0b-b529-ebc90a7bba21,CON,PCCP_RULE,2.0,Medium
7158afa6-910a-47ec-847c-efb8da2bc527,CON,PCCP_RULE,3.0,High
faef5d30-f2d2-4815-a851-bce078459356,CON,PCCP_RULE,3.0,High
f65c35b2-6b6d-42ab-bc66-075cb71087a2,CON,PCCP_RULE,2.0,Medium
97dcb41a-d0ac-4efc-9d31-4370997a45bf,CON,PCCP_RULE,3.0,High
ee642e59-db66-465a-981b-74b0e15e7a51,CON,PCCP_RULE,2.0,Medium
e9285d78-4ce4-4c63-b711-cfa3946e251b,CON,PCCP_RULE,2.0,Medium
5b27c005-4467-41ca-8fdd-57e326cf8487,CON,PCCP_RULE,2.0,Medium
57d7ef8b-1f46-412d-b491-0b256e7d385c,CON,PCCP_RULE,3.0,High
1ddad81f-c775-4cc9-add7-1c78eada84f8,CON,PCCP_RULE,2.0,Medium
b99ef65a-9272-429c-bb78-789012f75e83,CON,PCCP_RULE,2.0,Medium
6aff29c0-ea7e-4476-9d0e-e2ede46d2b4e,CON,PCCP_RULE,2.0,Medium
831a8a13-cf8b-42c1-8823-d3a166e80bf4,CON,PCCP_RULE,2.0,Medium
c5751bf4-6514-4429-83dc-48567476f58a,CON,PCCP_RULE,2.0,Medium
5933bcf2-d226-4c3b-b71e-ef97a704cb5a,CON,PCCP_RULE,2.0,Medium
0d50db18-4580-4c7f-a08a-50b50f6f6d7a,CON,PCCP_RULE,1.0,Low
73d406d5-9ebb-491d-9b6c-055df94e8af4,CON,PCCP_RULE,1.0,Low
207f5fe6-7088-443a-942d-9a4b2a50e8cc,CON,PCCP_RULE,3.0,High
f8df39b7-f6b0-4c20-b400-9c29b2350afe,CON,PCCP_RULE,1.0,Low
5063e385-c5fa-49ac-bc37-a6b8bf5dca48,CON,PCCP_RULE,2.0,Medium
11647cb8-2810-4669-969a-4ec792185aef,CON,PCCP_RULE,2.0,Medium
cb273e4e-db38-42f5-8120-c555a7df668f,CON,PCCP_RULE,2.0,Medium
0fec0dfc-f64d-403a-94a4-07b78be2688b,CON,PCCP_RULE,2.0,Medium
69eb3850-b0e6-43ed-8446-24b1111ed325,CON,PCCP_RULE,2.0,Medium
05b8eef9-7f7f-453d-badc-708b1e7f7ba2,CON,PCCP_RULE,2.0,Medium
1d2799a2-426c-45d8-89dd-8c40cedbf847,CON,PCCP_RULE,2.0,Medium
1757c4f5-68a0-4d64-bc65-36d41d05766f,CON,PCCP_RULE,2.0,Medium
64a9cb02-4fb5-41fa-bff1-f1f9e40f8c0c,CON,PCCP_RULE,2.0,Medium
db42d498-fd0e-429b-99c1-67d5e718d373,CON,PCCP_RULE,2.0,Medium
85dc4d8a-87a9-4a70-b3c6-6a93e5d24bd8,CON,PCCP_RULE,2.0,Medium
d01b5688-05a8-4902-a45a-a34887dffbf1,CON,PCCP_RULE,2.0,Medium
9a4f5c62-6eec-4f73-86cc-7b0c568d2db1,CON,PCCP_RULE,2.0,Medium
3173f73c-9a1f-4d35-9b79-f30570da2b71,CON,PCCP_RULE,2.0,Medium
154f52eb-28a8-4fa8-a09d-c970e30af692,CON,PCCP_RULE,2.0,Medium
8fe3c5b7-96fd-464a-82b4-3ee2db4a04de,CON,PCCP_RULE,2.0,Medium
cee2dfe9-5150-4efb-8acf-0da6b5b7bc55,CON,PCCP_RULE,2.0,Medium
3bda55da-a11f-415b-81ff-b07fc39bf059,CON,PCCP_RULE,2.0,Medium
18163274-9c70-4ec7-9d0a-1448957aff3a,CON,PCCP_RULE,1.0,Low
9d4cecd3-3792-42c3-8fbe-0abdefe7c8cd,CON,PCCP_RULE,1.0,Low
98049b1e-9ed5-45fd-aa33-560ce8315874,CON,PCCP_RULE,2.0,Medium
33461259-9ead-424a-b69d-e89fadb4d414,CON,PCCP_RULE,2.0,Medium
541476ae-63ab-4516-82ab-771610bfc440,CON,PCCP_RULE,2.0,Medium
c1ebd83f-9f5b-4106-82f7-eabe74d066c3,CON,PCCP_RULE,1.0,Low
de110561-b9ff-4ab6-a6f5-8abbd7a1e79b,CON,PCCP_RULE,2.0,Medium
18f8c364-b6ac-43fb-944c-c2d94bb98361,CON,PCCP_RULE,2.0,Medium
609e804a-e346-4726-a397-cd553e97079b,CON,PCCP_RULE,2.0,Medium
c34d4451-5e54-4348-8b99-fa7fbe1b716a,CON,PCCP_RULE,2.0,Medium
655a01eb-0d5b-4b32-94d9-5336e040719c,CON,PCCP_RULE,3.0,High
f34de94d-2b2c-4d79-8ac7-c446538242e0,CON,PCCP_RULE,3.0,High
48c6a225-cb11-429d-a4f4-cfaef04efdad,CON,PCCP_RULE,3.0,High
c7046568-ef41-474d-bf01-be191c0ed8b4,CON,PCCP_RULE,3.0,High
8815de03-7e7a-4e92-bf43-6afdddae5d13,CON,PCCP_RULE,2.0,Medium
ce1f00e0-53bb-46f5-9405-6035b20e2f21,CON,PCCP_RULE,2.0,Medium
230ff2dc-8d22-4dd9-ae1f-4e07e5406661,CON,PCCP_RULE,1.0,Low
6b1fcf58-a800-4c0c-85ab-3bfd63b4d785,CON,PCCP_RULE,2.0,Medium
dbd89295-6008-42a1-bdbd-ce39380dc5c9,CON,PCCP_RULE,1.0,Low
cf08e8b4-86d9-452b-8915-c1c47854b1e2,CON,PCCP_RULE,1.0,Low
7617f26f-7020-4034-a40f-27e124321f95,CON,PCCP_RULE,2.0,Medium
8a441c5d-22ca-46cd-833c-6d9bf6e2b254,CON,PCCP_RULE,2.0,Medium
ab0eddaf-f9f7-49d9-9edf-e5e006aa2f9d,CON,PCCP_RULE,2.0,Medium
ec430073-561c-4c7b-895f-e150a2364706,CON,PCCP_RULE,1.0,Low
afd3870b-a4f8-4c7d-8be2-76f7534dadf3,CON,PCCP_RULE,1.0,Low
7a9c9dbe-d08d-425c-8529-6ac39ee57b41,CON,PCCP_RULE,2.0,Medium
17c445a6-8f42-442c-9523-9badeb2b92be,CON,PCCP_RULE,2.0,Medium
07e10d69-0340-42f2-a869-c3518edc0bbf,CON,PCCP_RULE,1.0,Low
9ecc28dc-86b8-4d67-80c4-8600f684890e,CON,PCCP_RULE,2.0,Medium
92ca14cc-41ec-425c-85d6-46bac91290dd,CON,PCCP_RULE,1.0,Low
8ab0d3f1-b343-4c99-a751-3bed316fa30c,CON,PCCP_RULE,1.0,Low
ea1af81d-bd75-4073-8b7c-5fbdb8fb2cbc,CON,PCCP_RULE,1.0,Low
72adf142-e9de-4bc1-a71e-8dc653435293,CON,PCCP_RULE,1.0,Low
4b532448-26c3-4e81-bcbb-d2c858b88a42,CON,PCCP_RULE,1.0,Low
d6ea5630-2f47-489c-9c49-472ab09b4843,CON,PCCP_RULE,1.0,Low
6b76a405-1756-4247-8d4f-1978fc9b8193,CON,PCCP_RULE,2.0,Medium
093e8baf-09aa-46ab-af31-3526b9bf1e96,CON,PCCP_RULE,2.0,Medium
b835e4d5-71b5-4998-ba1e-e164d28a5873,CON,PCCP_RULE,1.0,Low
326ed667-a404-4e23-ba2e-8b5758522315,CON,PCCP_RULE,1.0,Low
cbd697b1-0d6f-4936-913b-ba84487d7335,CON,PCCP_RULE,2.0,Medium
23a3dbb7-721c-44e1-9e0c-4a0943cb95f6,CON,PCCP_RULE,2.0,Medium
cbce099a-38a3-4e90-bcb9-34a412050f72,CON,PCCP_RULE,1.0,Low
6dd0ee20-8f26-4b81-b91d-3a7de991d7e4,CON,PCCP_RULE,1.0,Low
f350c2f6-25b2-4b77-8f04-55a050d8ba2e,CON,PCCP_RULE,3.0,High
ca5a5d58-2c22-47f3-88e7-547d54f20daf,CON,PCCP_RULE,2.0,Medium
ae6e972c-d1f2-439c-b910-ffa879930cf7,CON,PCCP_RULE,1.0,Low
d424cf63-b349-40a8-9704-2585b4ee3cb7,CON,PCCP_RULE,1.0,Low
17c5096c-18cc-4516-aaba-193bad60d05b,CON,PCCP_RULE,1.0,Low
4fca584d-4de8-4692-9113-b8f7b7138713,CON,PCCP_RULE,2.0,Medium
5bfc2658-2325-4a7a-8c2b-3d981b2ef3f3,CON,PCCP_RULE,2.0,Medium
c40e3f7b-fc1e-4ffe-84b2-be92c88582a9,CON,PCCP_RULE,2.0,Medium
470f9f9b-6c7c-469b-ba15-f50696554ead,CON,PCCP_RULE,2.0,Medium
61430829-c9e4-43fc-adb5-8a93dbdbd32a,CON,PCCP_RULE,1.0,Low
d49e050e-a733-4147-b428-fc544a644a93,CON,PCCP_RULE,2.0,Medium
3546355d-d130-46f2-b4f9-5bf9d164aae3,CON,PCCP_RULE,2.0,Medium
ef7af1e6-aa0e-4800-aba9-4d98780ee8d2,CON,PCCP_RULE,3.0,High
55458249-e737-49c8-bb81-36f8b834a8d7,CON,PCCP_RULE,2.0,Medium
acb64727-b104-4b90-b5ed-afe9674606af,CON,PCCP_RULE,1.0,Low
04335229-d058-4208-a220-aeb305ed916f,CON,PCCP_RULE,2.0,Medium
554113a9-db65-4e28-99c6-249a978d4a64,CON,PCCP_RULE,2.0,Medium
f925cc0f-bd3d-43a5-bb1f-68325ee4cd69,CON,PCCP_RULE,3.0,High
bb5d2854-faa1-4aff-a02f-f6812f62ac97,CON,PCCP_RULE,3.0,High
940076c4-4caa-4783-8c43-259f4157995e,CON,PCCP_RULE,2.0,Medium
e074e7d1-621d-474d-835c-fae2d557882c,CON,PCCP_RULE,2.0,Medium
b6bbe1d7-d63a-4ed7-a172-56126a9d6a53,CON,PCCP_RULE,2.0,Medium
9c4c9c4a-d2f7-406f-a97b-3ddaab975446,CON,PCCP_RULE,1.0,Low
b784ebde-98b1-4f69-ad99-06bf1e820aab,CON,PCCP_RULE,1.0,Low
c9f98278-af05-40e8-a197-a93a6cb894e4,CON,PCCP_RULE,1.0,Low
405192b8-6109-4235-a199-ab4231c39f17,CON,PCCP_RULE,2.0,Medium
b25d05ab-370d-41d4-bc87-a47b11605729,CON,PCCP_RULE,1.0,Low
e59b3750-b8b2-4136-9eb0-ee510acbd71d,CON,PCCP_RULE,2.0,Medium
6fdc31e3-6528-42f4-8ce9-afb62c164308,CON,PCCP_RULE,1.0,Low
bdfa724b-2ab9-4928-a8ff-4f04da2e77de,CON,PCCP_RULE,2.0,Medium
cbf62fb7-3326-46f8-997d-1df65c37e541,CON,PCCP_RULE,1.0,Low
e08a2f4f-7e1a-4cce-bd71-eb5eefc02669,CON,PCCP_RULE,2.0,Medium
e592f081-ea2e-448a-b338-91008de1cf2a,CON,PCCP_RULE,2.0,Medium
f2e2a24d-94cf-4167-ac7c-58bf7b18af66,CON,PCCP_RULE,2.0,Medium
a328f7ad-f373-4a87-a60a-8d0e57ed7903,CON,PCCP_RULE,2.0,Medium
140e3f92-def2-45e3-892d-c54c2d94ece9,CON,PCCP_RULE,2.0,Medium
1cce98dd-5607-4ae4-90f3-59b954963880,CON,PCCP_RULE,3.0,High
e027df7b-d12f-43bc-8d05-d06daab59a5c,CON,PCCP_RULE,3.0,High
aac61f58-51e9-4326-9656-e7f9d3e5725d,CON,PCCP_RULE,2.0,Medium
1c459d22-ad80-42ab-bd5e-897227e45801,CON,PCCP_RULE,2.0,Medium
1832b7e2-da5f-4f02-8444-ae84b4a18ec5,CON,PCCP_RULE,1.0,Low
d66c1035-74e1-486e-9782-f2b023a56ca3,CON,PCCP_RULE,1.0,Low
a4b936b1-1055-4663-910f-1397f11cce49,CON,PCCP_RULE,2.0,Medium
859fd5fb-08aa-4699-b253-c5f686db761e,CON,PCCP_RULE,2.0,Medium
842bb515-4305-4304-ab41-72e8f1ba7f68,CON,PCCP_RULE,2.0,Medium
ce5f2528-b606-4888-ad4c-140915299465,CON,PCCP_RULE,2.0,Medium
ad0f3273-8503-4e25-8514-9a2b7841bcbd,CON,PCCP_RULE,2.0,Medium
c0c52c32-3872-400d-a4cf-d8809dfa0e9a,CON,PCCP_RULE,2.0,Medium
b9f7c2be-73a1-4dc6-a41f-58c3ec754253,CON,PCCP_RULE,3.0,High
14f740bf-8ec7-47e4-abc0-6583e62c6100,CON,PCCP_RULE,1.0,Low
a05ad77b-a9e5-4391-af0b-d3a0525b890f,CON,PCCP_RULE,2.0,Medium
8c65cd91-18fa-4dcc-a612-37ae46a04b2d,CON,PCCP_RULE,2.0,Medium
ddbee025-3478-4261-9fa3-fb88fddf7ccb,CON,PCCP_RULE,2.0,Medium
0bf3827c-ce24-4911-a01b-5dc34ed40e34,CON,PCCP_RULE,2.0,Medium
d1ccb871-40fe-4e5c-a325-85a5e6267560,CON,PCCP_RULE,2.0,Medium
eae7018e-7552-451d-ab30-7a646549af44,CON,PCCP_RULE,1.0,Low
0f16ab9f-b1b7-415f-9d1c-080e1e086ecc,CON,PCCP_RULE,2.0,Medium
2dce970e-e509-4b56-a2c4-7a66d1811221,CON,PCCP_RULE,1.0,Low
32462a78-e23b-4d08-9908-b20b710dd461,CON,PCCP_RULE,2.0,Medium
b630a7a9-cae5-45b5-bac0-d1c487222e1f,CON,PCCP_RULE,2.0,Medium
0beeddf6-e471-4839-8f51-9f5efd32c54b,CON,PCCP_RULE,2.0,Medium
5330e4d7-49c2-4a9c-b553-2f1075f3ec98,CON,PCCP_RULE,2.0,Medium
01c14542-bcf7-4937-a8d2-794c03970285,CON,PCCP_RULE,2.0,Medium
431a8897-5bda-4b62-ac6b-d1473c1ffa70,CON,PCCP_RULE,2.0,Medium
4cf53242-5f27-462f-a4eb-06522631d1c7,CON,PCCP_RULE,2.0,Medium
d8cc732b-5733-4b0d-9e40-d54901bb7974,CON,PCCP_RULE,1.0,Low
ccd13ad2-05df-4e36-8984-ee71cb96a280,CON,PCCP_RULE,2.0,Medium
c48b605d-d92d-4d02-990c-fd4a39967c15,CON,PCCP_RULE,2.0,Medium
b87f4b3e-92f9-4770-bfe7-661909c38ea1,CON,PCCP_RULE,1.0,Low
f76dfc02-1142-4b10-b6ef-c482fe154621,CON,PCCP_RULE,2.0,Medium
cbd650d1-0c4e-46d9-b1c0-6d5e3012fa43,CON,PCCP_RULE,2.0,Medium
130e463f-ba29-4e6d-9752-bdf1c9816ee4,CON,PCCP_RULE,3.0,High
2464379f-e3b8-4dd8-944c-3e21568010e8,CON,PCCP_RULE,1.0,Low
918586e4-ff80-4eee-a37f-5850128365be,CON,PCCP_RULE,2.0,Medium
ae595a52-dc7b-48b6-b314-05eb8c924fb6,CON,PCCP_RULE,2.0,Medium
90ab94e4-2481-4fbe-ab35-1bcdf59ec6a8,CON,PCCP_RULE,1.0,Low
87ed646a-1482-48ed-afd3-6ebff8ac748b,CON,PCCP_RULE,1.0,Low
9090d5b2-2245-4703-9df6-d35c0a53473b,CON,PCCP_RULE,2.0,Medium
214cbdf9-6cc9-420d-b546-18e772ad03ed,CON,PCCP_RULE,1.0,Low
15d71c6e-0218-484a-bfd0-73d075987932,CON,PCCP_RULE,2.0,Medium
ded8048c-cc1b-4298-9a64-3f8a17b5af57,CON,PCCP_RULE,2.0,Medium
49749635-a8da-452e-bcb2-136024a75b19,CON,PCCP_RULE,2.0,Medium
fc3ebe7f-21bd-4a85-85c6-ac3a684943e9,CON,PCCP_RULE,1.0,Low
2b3aa9b7-e50b-48b6-b5dd-58867e01b6dc,CON,PCCP_RULE,3.0,High
5ff1a2f7-c79c-4a6d-92f1-be20ce369b63,CON,PCCP_RULE,3.0,High
d6ab4fc5-f6f8-4d92-9808-75e939d3d6d1,CON,PCCP_RULE,2.0,Medium
7e66fc72-554d-4a7b-afaa-47f5d03b7be8,CON,PCCP_RULE,2.0,Medium
d2974638-3203-425d-a2e7-fd5f67d2cbac,CON,PCCP_RULE,2.0,Medium
f27f0535-4e3f-4282-8896-02db48e69b57,CON,PCCP_RULE,2.0,Medium
3f961642-d6da-4cd3-81d0-85df6f466765,CON,PCCP_RULE,1.0,Low
7888f8ae-5c49-4188-8751-55db939c6aa5,CON,PCCP_RULE,1.0,Low
a1d84879-5ab1-4ca1-8aa7-33f65f0551cc,CON,PCCP_RULE,2.0,Medium
fe8b3ddb-10a5-4926-aa55-cca1b20973b4,CON,PCCP_RULE,1.0,Low
e18ce51f-d5ce-4038-a117-6d3e7853c144,CON,PCCP_RULE,3.0,High
f77c23c5-e253-46e8-a3b9-1d3b6c492061,CON,PCCP_RULE,1.0,Low
bcec063c-e96f-4486-acb8-084428ef2c1b,CON,PCCP_RULE,2.0,Medium
5d71ce57-3613-4685-b4ce-168973704304,CON,PCCP_RULE,1.0,Low
d3f21e37-65d4-44b1-b7c2-af2c9c203021,CON,PCCP_RULE,2.0,Medium
48b9f2fe-7aba-4156-8d6a-69e9ae0817e1,CON,PCCP_RULE,2.0,Medium
7d1e3c32-35be-4344-805f-00993f582723,CON,PCCP_RULE,1.0,Low
36475d2d-6fc9-4040-a2aa-076fddd20b2b,CON,PCCP_RULE,1.0,Low
ceba62da-77a4-4194-9d3d-6bdb72d2dfaa,CON,PCCP_RULE,3.0,High
28b55d38-6aae-4100-a11b-39b9a859962f,CON,PCCP_RULE,3.0,High
59022dd7-20e2-44b2-ab1d-7dedc56b72cc,CON,PCCP_RULE,1.0,Low
8af7da6d-48e1-4757-a9e9-d7d1cade5f86,CON,PCCP_RULE,3.0,High
19b71484-4889-4b00-a976-25225be499a8,CON,PCCP_RULE,1.0,Low
220e30a9-e533-4864-90dc-a8c1e0e42d80,CON,PCCP_RULE,2.0,Medium
26d3768d-30c2-4d9a-963c-c66f2ddce445,CON,PCCP_RULE,2.0,Medium
4f4ecd0d-f3b8-43e9-83c3-88ab9b104af0,CON,PCCP_RULE,3.0,High
5bf39fb4-ad52-4c2d-8edd-8d5c48dc6f9c,CON,PCCP_RULE,1.0,Low
1786541d-eacc-43ae-98ca-914321c6b8df,CON,PCCP_RULE,2.0,Medium
5111298d-2978-4602-b7d7-efac891507bb,CON,PCCP_RULE,1.0,Low
0293320a-83ca-4552-b364-94a42079d784,CON,PCCP_RULE,2.0,Medium
dce9ad2a-edda-4efc-9fa5-5d89735c9b38,CON,PCCP_RULE,2.0,Medium
ff8be5b7-b0ec-4c73-9b7a-b53ea551f75d,CON,PCCP_RULE,1.0,Low
97d7d882-2d6a-41db-af4a-b96e18178470,CON,PCCP_RULE,2.0,Medium
6c32b447-9aa2-4310-829d-e817a69f2f87,CON,PCCP_RULE,1.0,Low
0b378ac0-db54-4e27-a1e2-0e5f24a22bf9,CON,PCCP_RULE,1.0,Low
9c1af809-3ca2-48ee-976a-157e9e9bdad6,CON,PCCP_RULE,2.0,Medium
f57f365c-1333-4ad5-a182-999cff397904,CON,PCCP_RULE,2.0,Medium
1d2a8ae8-28e8-456c-99a0-967a3dafe7f8,CON,PCCP_RULE,2.0,Medium
3fb43001-8603-45fd-afcb-a358a2640e6a,CON,PCCP_RULE,2.0,Medium
340b97e5-7458-4643-bae9-d6bf60a5ce4d,CON,PCCP_RULE,2.0,Medium
0e184c82-ac48-4822-80c7-5b2bf109b6a4,CON,PCCP_RULE,2.0,Medium
68d4b74e-1a96-4ad2-b3d6-5221a7085db7,CON,PCCP_RULE,3.0,High
3735f009-5464-4e5e-a1b6-8212ab871c54,CON,PCCP_RULE,1.0,Low
b1e98956-9d17-409f-8cfa-db13e9c35e54,CON,PCCP_RULE,3.0,High
47f06793-d257-4af7-8eef-1ce646c1b8fd,CON,PCCP_RULE,3.0,High
818671e2-ed97-4391-9922-785b9c4f64ee,CON,PCCP_RULE,3.0,High
9f5d264a-00d7-4bbf-afc7-37d511803095,CON,PCCP_RULE,3.0,High
e020122f-c6cb-4098-bdbf-ef8e1e6a4874,CON,PCCP_RULE,2.0,Medium
97bcbc72-7fab-4471-91c1-760358e4c48e,CON,PCCP_RULE,2.0,Medium
dbbe79cd-a236-485d-8422-e19463d659b5,CON,PCCP_RULE,1.0,Low
436a1f7f-a3c9-407e-8be5-c81d3036cb35,CON,PCCP_RULE,1.0,Low
39a66b01-891a-4143-8b4f-15ed621e702c,CON,PCCP_RULE,1.0,Low
0e06889e-2149-4bc4-85da-4da9da1d314a,CON,PCCP_RULE,1.0,Low
d7ed0a73-7dbc-4f50-9c6b-070a7e0a829d,CON,PCCP_RULE,1.0,Low
bb94508e-0541-4787-a763-c669d15d1ba0,CON,PCCP_RULE,1.0,Low
d56f89eb-ded2-49a5-8d12-103dc78c05a6,CON,PCCP_RULE,2.0,Medium
bf5f48c2-5c9b-4492-97b5-737a69ebd398,CON,PCCP_RULE,1.0,Low
9d2c3b5c-b5f5-4983-a985-80f87b18d51f,CON,PCCP_RULE,1.0,Low
1a8a2ac4-44ad-47b0-90f0-9c1472eba245,CON,PCCP_RULE,1.0,Low
c098cc71-e180-46a5-a295-4d058f0d7838,CON,PCCP_RULE,1.0,Low
5c94a676-0e65-4d08-95aa-8981879e8f99,CON,PCCP_RULE,1.0,Low
8fe710cf-3ea9-485e-8313-4b4940d9e186,CON,PCCP_RULE,1.0,Low
88ebb7ef-fff2-4f77-9472-f0d76d08090b,CON,PCCP_RULE,2.0,Medium
3789baf0-0d9a-449b-9e8e-ad3a8242c3fe,CON,PCCP_RULE,1.0,Low
f15fac74-bf6c-4b9a-b10b-88079a070fea,CON,PCCP_RULE,1.0,Low
dc0494a3-9c69-4b62-8cbd-6ff13091919b,CON,PCCP_RULE,1.0,Low
bceea4ee-1e0d-483b-9c31-326ad8a50a04,CON,PCCP_RULE,3.0,High
f048dee3-efac-48fa-9fc8-8ed4b1adf233,CON,PCCP_RULE,3.0,High
98af3a49-680f-4660-b747-4ecdf89c41be,CON,PCCP_RULE,1.0,Low
17264693-bab5-49cc-b87f-89f690a4af44,CON,PCCP_RULE,2.0,Medium
a60a0c2f-2fa1-40f5-91e0-631ef0858ab4,CON,PCCP_RULE,2.0,Medium
724a0a79-fff5-4430-95c5-23a984686851,CON,PCCP_RULE,2.0,Medium
86e741c2-9044-4386-9843-844a8c5f28bd,CON,PCCP_RULE,2.0,Medium
583fcf0d-6651-4c0a-b24e-89cb81355fb5,CON,PCCP_RULE,2.0,Medium
e0a9fd7c-ce5c-4155-bcad-2f3e9746c572,CON,PCCP_RULE,1.0,Low
2e47aea3-de51-4289-9b5f-f720865af89e,CON,PCCP_RULE,2.0,Medium
69b89ebf-fe18-4b4c-8e1c-3ae9d3f9ce69,CON,PCCP_RULE,2.0,Medium
b3dd0aea-3f03-45d8-a801-c3f360331971,CON,PCCP_RULE,2.0,Medium
d8e2aa4d-341a-4a08-9356-2f176a11b244,CON,PCCP_RULE,2.0,Medium
70abff6a-ef38-44cc-bf32-3817e7dbaa6c,CON,PCCP_RULE,2.0,Medium
33dab293-c312-44de-b5df-529fe36d03a9,CON,PCCP_RULE,2.0,Medium
32eb1061-ea34-4e97-93cd-db0c55c522f6,CON,PCCP_RULE,2.0,Medium
4d0e6fb7-27c9-4519-88c6-89375b165d87,CON,PCCP_RULE,2.0,Medium
2e12fc94-7653-4a39-9329-c38399c08db8,CON,PCCP_RULE,2.0,Medium
caed12d6-daf5-4b6b-89e2-05c14281153e,CON,PCCP_RULE,2.0,Medium
f51f5432-47b9-4622-89a7-ffc1dca1b289,CON,PCCP_RULE,2.0,Medium
1aa89549-ed1d-4208-8c96-408c3b15a886,CON,PCCP_RULE,2.0,Medium
0e0fed99-0354-400f-bd12-e4b1734fab77,CON,PCCP_RULE,2.0,Medium
dabde18e-009c-4365-a05e-40c2817bab47,CON,PCCP_RULE,2.0,Medium
0a95c59d-74d5-4b24-8272-be1a55e8dc24,CON,PCCP_RULE,1.0,Low
63a6bca7-3513-4874-90e2-2b7fe8157c5a,CON,PCCP_RULE,2.0,Medium
2ccaef79-ee11-47bb-b1bd-fa8ec94c252d,CON,PCCP_RULE,2.0,Medium
4ccc7ae7-484f-494d-898c-2e13f591d8f3,CON,PCCP_RULE,3.0,High
546b67ac-9a94-4a9f-8973-9e21bd5e6610,CON,PCCP_RULE,3.0,High
be38e9b6-8b92-4c4c-92ab-32cac581ca06,CON,PCCP_RULE,3.0,High
cc6caec8-6bfb-42a1-83e9-80847d38f63c,CON,PCCP_RULE,3.0,High
c69c7c2d-60b7-475f-8d4f-a90c9d7a05f0,CON,PCCP_RULE,3.0,High
09d1bb56-d8d4-438e-9ea4-bc090737fcb0,CON,PCCP_RULE,3.0,High
33adc5ad-8bb5-417e-a580-407d4a34d2bc,CON,PCCP_RULE,3.0,High
45419844-dcbe-4204-845f-53c8f37ee9ad,CON,PCCP_RULE,3.0,High
9f616fa6-3424-4c5c-8a36-8805e95bda1f,CON,PCCP_RULE,3.0,High
d96a4767-7d8a-43cd-9018-c4b8cdc79a56,CON,PCCP_RULE,3.0,High
bef36a7b-7fae-4ba7-82ba-b16c117c1e57,CON,PCCP_RULE,3.0,High
c5038352-0018-45d7-ad50-4fa16b659db6,CON,PCCP_RULE,3.0,High
c340bd48-d766-4b4c-84ef-c229cc8a49ef,CON,PCCP_RULE,2.0,Medium
2f677b31-d261-4deb-831f-29196f8d6ea4,CON,PCCP_RULE,1.0,Low
72c22713-f80d-4c9d-a9f1-7589d87088fe,CON,PCCP_RULE,1.0,Low
6dca3110-699d-4c56-bfb2-11394226272d,CON,PCCP_RULE,1.0,Low
fe6a0304-8931-48b0-9d60-4bbff4536444,CON,PCCP_RULE,1.0,Low
cdd0707c-747c-40f3-9484-359f0d7de93a,CON,PCCP_RULE,3.0,High
bd501bf5-09aa-4971-9050-1a2144a57249,CON,PCCP_RULE,3.0,High
119e0372-29e1-47ee-84ae-d2d7ee1c5159,CON,PCCP_RULE,3.0,High
4875369f-6a52-4cb6-9baf-b9451bd91de9,CON,PCCP_RULE,3.0,High
5bbcf675-380c-4745-95fc-888f30399ba6,CON,PCCP_RULE,3.0,High
a1ce682d-9eb9-4cbb-b8bd-07be03391d3a,CON,PCCP_RULE,3.0,High
d64e5295-d9de-4253-b0e9-d0dd3c7113d9,CON,PCCP_RULE,3.0,High
99fe2ee9-fb64-48a9-821b-f25706098fb1,CON,PCCP_RULE,3.0,High
afadbc44-c948-46b1-bb4b-373b858742dd,CON,PCCP_RULE,3.0,High
7c7663ea-6832-4ec4-991c-2f3f61fcd648,CON,PCCP_RULE,3.0,High
3bba0dc5-2c98-4c8e-b302-c4a7ea637530,CON,PCCP_RULE,2.0,Medium
a2bb25ec-b6b9-4209-ad7c-c69f64d21ed1,CON,PCCP_RULE,2.0,Medium
2f42a755-f414-4306-8a72-b3324a0c4b1c,CON,PCCP_RULE,2.0,Medium
20ece3b3-d009-4400-9abc-d594ad157c3a,CON,PCCP_RULE,2.0,Medium
867dc9d3-a5e3-436a-bb2b-94b42ca19b5c,CON,PCCP_RULE,2.0,Medium
daed5db9-0f28-4bf8-9c49-c1e839d83b8b,CON,PCCP_RULE,2.0,Medium
598bfaa6-f999-446d-ba41-8bfe7ec0f191,CON,PCCP_RULE,2.0,Medium
d6b4ac3c-fa24-4a1d-8c81-b97c0a17e3d5,CON,PCCP_RULE,2.0,Medium
2c58232d-bc66-4ae0-a499-fae011755f79,CON,PCCP_RULE,1.0,Low
c8d7a015-528d-49a0-b290-9c1efc8a7acd,CON,PCCP_RULE,2.0,Medium
e7df593e-6093-4aac-8841-8f53b07d40df,CON,PCCP_RULE,2.0,Medium
dff6792d-c9af-40ed-80a4-e27b57b43050,CON,PCCP_RULE,2.0,Medium
1cda4db3-4327-42ec-8a99-5c95f49d8d10,CON,PCCP_RULE,1.0,Low
ac9599bf-b7ec-4cfd-8028-50509b67aafd,CON,PCCP_RULE,1.0,Low
0fe59bd9-ce1f-46d7-8767-fe0b7a2e0afa,CON,PCCP_RULE,2.0,Medium
94e6c30e-f734-481a-824e-5cab46893b7c,CON,PCCP_RULE,2.0,Medium
e726c221-2031-4dfd-bf39-2f1a9fedc8a0,CON,PCCP_RULE,1.0,Low
556a5a3d-d4ef-4ac9-8de2-7e8d2e1dc29a,CON,PCCP_RULE,2.0,Medium
8e583305-fc7d-41e5-9815-5fe84a2f7fcb,CON,PCCP_RULE,2.0,Medium
02c64a6f-32f0-494e-8e36-eb2fb74454d9,CON,PCCP_RULE,2.0,Medium
edbe0f6f-b2a9-43e8-8b08-0d331fb5ba9a,CON,PCCP_RULE,2.0,Medium
a829fe69-2722-4640-b11f-e8c2dfa68fbc,CON,PCCP_RULE,2.0,Medium
5e441c35-7045-41d1-9af6-114dc908fcca,CON,PCCP_RULE,2.0,Medium
c1688476-0001-481f-97cc-bd25c4ce37a4,CON,PCCP_RULE,2.0,Medium
951b7ba9-6558-423f-a673-c857acc51476,CON,PCCP_RULE,2.0,Medium
60da64e9-d40d-4084-8b1c-9e99a1a94893,CON,PCCP_RULE,2.0,Medium
4e6cf2ed-b985-41f9-ba4a-d9f649ef9283,CON,PCCP_RULE,1.0,Low
1fed62c3-afbe-40d5-8e68-77d603268f6b,CON,PCCP_RULE,1.0,Low
9172023b-d05c-4aa9-9f61-69cc6c3ade88,CON,PCCP_RULE,2.0,Medium
64a406e6-8495-4add-90d0-755daca242b3,CON,PCCP_RULE,2.0,Medium
