material,diam,year,count,family,LoF,CoF,RiskClass
CI,150,1910,486,CI,5.0,1.5,Low
PVC,200,2002,425,PVC,1.5,2.5,Very Low
PVC,200,1997,368,PVC,1.5,2.5,Very Low
PVC,200,1990,366,PVC,1.5,2.5,Very Low
YDI,150,1976,352,DI,2.5,1.5,Very Low
PVC,150,1989,351,PVC,1.5,1.5,Very Low
PVC,150,1991,350,PVC,1.5,1.5,Very Low
CI,150,1960,336,CI,4.5,1.5,Low
PVC,200,1998,336,PVC,1.5,2.5,Very Low
CI,150,1959,320,CI,4.5,1.5,Low
PVC,200,2003,317,PVC,1.5,2.5,Very Low
PVC,200,2001,312,PVC,1.5,2.5,Very Low
PVC,150,1990,305,PVC,1.5,1.5,Very Low
PVC,200,1994,305,PVC,1.5,2.5,Very Low
CI,150,1958,304,CI,4.5,1.5,Low
PVC,200,1989,295,PVC,1.5,2.5,Very Low
PVC,150,1992,294,PVC,1.5,1.5,Very Low
PVC,200,1991,293,PVC,1.5,2.5,Very Low
PVC,200,2011,287,PVC,1.5,2.5,Very Low
PVC,200,2004,286,PVC,1.5,2.5,Very Low
PVC,150,1997,286,PVC,1.5,1.5,Very Low
PVC,150,1987,280,PVC,1.5,1.5,Very Low
PVC,150,2023,274,PVC,1.5,1.5,Very Low
YDI,150,1977,272,DI,2.5,1.5,Very Low
PVC,200,1999,271,PVC,1.5,2.5,Very Low
YDI,300,1979,270,DI,2.5,2.5,Low
PVC,200,2010,268,PVC,1.5,2.5,Very Low
YDI,200,1979,267,DI,2.5,2.5,Low
PVC,150,1988,266,PVC,1.5,1.5,Very Low
PVC,200,2005,265,PVC,1.5,2.5,Very Low
PVC,250,2002,259,PVC,1.5,2.5,Very Low
PVC,150,1994,258,PVC,1.5,1.5,Very Low
PVC,200,1992,258,PVC,1.5,2.5,Very Low
PVC,200,2000,255,PVC,1.5,2.5,Very Low
PVC,250,1997,251,PVC,1.5,2.5,Very Low
CI,150,1954,249,CI,4.5,1.5,Low
PVC,150,1998,249,PVC,1.5,1.5,Very Low
PVC,200,2006,248,PVC,1.5,2.5,Very Low
PVC,200,2023,247,PVC,1.5,2.5,Very Low
YDI,200,1978,246,DI,2.5,2.5,Low
PVC,200,1996,244,PVC,1.5,2.5,Very Low
PVC,200,2022,243,PVC,1.5,2.5,Very Low
PVC,200,2017,242,PVC,1.5,2.5,Very Low
PVC,250,2017,241,PVC,1.5,2.5,Very Low
PVC,250,2003,238,PVC,1.5,2.5,Very Low
YDI,250,1979,237,DI,2.5,2.5,Low
YDI,300,1978,236,DI,2.5,2.5,Low
PVC,250,1998,236,PVC,1.5,2.5,Very Low
PVC,150,2004,235,PVC,1.5,1.5,Very Low
YDI,150,1978,234,DI,2.5,1.5,Very Low
PVC,250,2005,233,PVC,1.5,2.5,Very Low
YDI,150,1979,233,DI,2.5,1.5,Very Low
PVC,250,2023,233,PVC,1.5,2.5,Very Low
PDI,150,1973,232,DI,3.0,1.5,Low
PVC,200,1993,232,PVC,1.5,2.5,Very Low
PVC,150,1996,227,PVC,1.5,1.5,Very Low
YDI,300,1980,224,DI,2.5,2.5,Low
PVC,300,2011,223,PVC,1.5,2.5,Very Low
PDI,150,1972,221,DI,3.0,1.5,Low
PVC,250,2011,217,PVC,1.5,2.5,Very Low
PVC,200,2007,213,PVC,1.5,2.5,Very Low
PVC,150,2001,211,PVC,1.5,1.5,Very Low
CI,150,1950,210,CI,4.5,1.5,Low
PVC,200,2021,209,PVC,1.5,2.5,Very Low
CI,150,1953,208,CI,4.5,1.5,Low
PVC,250,2001,207,PVC,1.5,2.5,Very Low
PVC,150,1993,206,PVC,1.5,1.5,Very Low
PVC,200,2020,206,PVC,1.5,2.5,Very Low
PVC,250,2004,205,PVC,1.5,2.5,Very Low
YDI,200,1977,204,DI,2.5,2.5,Low
CI,150,1956,203,CI,4.5,1.5,Low
PDI,200,1974,201,DI,3.0,2.5,Low
YDI,250,1978,200,DI,2.5,2.5,Low
PVC,150,2022,200,PVC,1.5,1.5,Very Low
PVC,300,2007,199,PVC,1.5,2.5,Very Low
PVC,250,1990,198,PVC,1.5,2.5,Very Low
PVC,150,2002,198,PVC,1.5,1.5,Very Low
PVC,200,2014,197,PVC,1.5,2.5,Very Low
PVC,300,2010,196,PVC,1.5,2.5,Very Low
PDI,200,1972,195,DI,3.0,2.5,Low
PVC,300,1998,195,PVC,1.5,2.5,Very Low
YDI,200,1976,194,DI,2.5,2.5,Low
PVC,300,2012,194,PVC,1.5,2.5,Very Low
PVC,150,2000,194,PVC,1.5,1.5,Very Low
PVC,200,1995,193,PVC,1.5,2.5,Very Low
PVC,150,1995,192,PVC,1.5,1.5,Very Low
PVC,250,1999,192,PVC,1.5,2.5,Very Low
PVC,250,2018,191,PVC,1.5,2.5,Very Low
PVC,150,2003,190,PVC,1.5,1.5,Very Low
PVC,150,2021,190,PVC,1.5,1.5,Very Low
PVC,200,1987,189,PVC,1.5,2.5,Very Low
PDI,150,1974,187,DI,3.0,1.5,Low
PVC,200,2018,187,PVC,1.5,2.5,Very Low
PVC,300,2017,187,PVC,1.5,2.5,Very Low
CI,150,1961,186,CI,4.5,1.5,Low
YDI,300,1976,186,DI,2.5,2.5,Low
PVC,300,1997,185,PVC,1.5,2.5,Very Low
PVC,250,2006,185,PVC,1.5,2.5,Very Low
PVC,200,2013,182,PVC,1.5,2.5,Very Low
YDI,200,1980,180,DI,2.5,2.5,Low
PVC,150,2020,180,PVC,1.5,1.5,Very Low
PVC,200,2015,180,PVC,1.5,2.5,Very Low
PVC,200,1981,177,PVC,2.0,2.5,Low
PVC,200,1988,176,PVC,1.5,2.5,Very Low
PDI,150,1971,176,DI,3.0,1.5,Low
PVC,250,2019,175,PVC,1.5,2.5,Very Low
PVC,250,2014,175,PVC,1.5,2.5,Very Low
PVC,250,1989,173,PVC,1.5,2.5,Very Low
PVC,300,1999,173,PVC,1.5,2.5,Very Low
PVC,250,1992,172,PVC,1.5,2.5,Very Low
PVC,150,2007,172,PVC,1.5,1.5,Very Low
PVC,200,2012,172,PVC,1.5,2.5,Very Low
PVC,150,1986,170,PVC,1.5,1.5,Very Low
CI,150,1957,170,CI,4.5,1.5,Low
CI,150,1952,169,CI,4.5,1.5,Low
YDI,300,1981,168,DI,2.5,2.5,Low
PVC,300,2018,167,PVC,1.5,2.5,Very Low
PVC,250,2007,167,PVC,1.5,2.5,Very Low
PVC,250,2000,166,PVC,1.5,2.5,Very Low
PVC,150,1985,166,PVC,2.0,1.5,Very Low
PVC,300,1990,166,PVC,1.5,2.5,Very Low
PVC,250,1991,166,PVC,1.5,2.5,Very Low
PDI,300,1973,165,DI,3.0,2.5,Low
PVC,250,2012,165,PVC,1.5,2.5,Very Low
PVC,150,1999,164,PVC,1.5,1.5,Very Low
PVC,250,2016,164,PVC,1.5,2.5,Very Low
PVC,250,2010,164,PVC,1.5,2.5,Very Low
PDI,250,1972,163,DI,3.0,2.5,Low
PVC,300,2004,163,PVC,1.5,2.5,Very Low
PDI,200,1971,162,DI,3.0,2.5,Low
PVC,250,2021,162,PVC,1.5,2.5,Very Low
PVC,300,2005,161,PVC,1.5,2.5,Very Low
PVC,300,2002,160,PVC,1.5,2.5,Very Low
PVC,200,2008,158,PVC,1.5,2.5,Very Low
CI,150,1962,158,CI,4.5,1.5,Low
PVC,150,2006,154,PVC,1.5,1.5,Very Low
PVC,150,2005,154,PVC,1.5,1.5,Very Low
PDI,200,1973,154,DI,3.0,2.5,Low
PVC,150,1981,153,PVC,2.0,1.5,Very Low
PVC,250,1994,148,PVC,1.5,2.5,Very Low
PVC,300,1991,147,PVC,1.5,2.5,Very Low
PVC,250,2020,147,PVC,1.5,2.5,Very Low
PVC,200,2019,147,PVC,1.5,2.5,Very Low
PVC,300,2003,146,PVC,1.5,2.5,Very Low
CI,150,1955,146,CI,4.5,1.5,Low
PDI,300,1974,145,DI,3.0,2.5,Low
PVC,200,2016,145,PVC,1.5,2.5,Very Low
PVC,300,2023,145,PVC,1.5,2.5,Very Low
PVC,300,1989,144,PVC,1.5,2.5,Very Low
PVC,300,2015,144,PVC,1.5,2.5,Very Low
CI,150,1949,144,CI,4.5,1.5,Low
PVC,300,2000,144,PVC,1.5,2.5,Very Low
PVC,300,2016,144,PVC,1.5,2.5,Very Low
PVC,400,1994,143,PVC,1.5,3.5,Low
PVC,300,1994,142,PVC,1.5,2.5,Very Low
PVC,150,2019,142,PVC,1.5,1.5,Very Low
YDI,250,1977,142,DI,2.5,2.5,Low
PVC,300,1988,140,PVC,1.5,2.5,Very Low
YDI,150,1980,139,DI,2.5,1.5,Very Low
PVC,300,2008,139,PVC,1.5,2.5,Very Low
PVC,200,1986,137,PVC,1.5,2.5,Very Low
YDI,300,1977,133,DI,2.5,2.5,Low
PVC,400,2002,132,PVC,1.5,3.5,Low
YDI,250,1980,131,DI,2.5,2.5,Low
CI,150,1965,131,CI,4.5,1.5,Low
PVC,300,2006,131,PVC,1.5,2.5,Very Low
PVC,300,2001,130,PVC,1.5,2.5,Very Low
PVC,400,1990,130,PVC,1.5,3.5,Low
PVC,250,1996,129,PVC,1.5,2.5,Very Low
PVC,400,1997,129,PVC,1.5,3.5,Low
CI,150,1951,128,CI,4.5,1.5,Low
CI,200,1960,127,CI,4.5,2.5,Moderate
PVC,200,2009,127,PVC,1.5,2.5,Very Low
PVC,300,2013,125,PVC,1.5,2.5,Very Low
PVC,400,1992,125,PVC,1.5,3.5,Low
PVC,250,1993,125,PVC,1.5,2.5,Very Low
PVC,300,1981,124,PVC,2.0,2.5,Low
PVC,150,1980,124,PVC,2.0,1.5,Very Low
PVC,250,1988,124,PVC,1.5,2.5,Very Low
PDI,300,1972,124,DI,3.0,2.5,Low
PVC,300,1993,123,PVC,1.5,2.5,Very Low
PVC,400,2000,123,PVC,1.5,3.5,Low
PVC,250,1995,123,PVC,1.5,2.5,Very Low
PVC,400,1998,122,PVC,1.5,3.5,Low
PVC,200,1980,122,PVC,2.0,2.5,Low
PVC,400,1999,122,PVC,1.5,3.5,Low
PDI,250,1971,121,DI,3.0,2.5,Low
PVC,150,1982,120,PVC,2.0,1.5,Very Low
PVC,300,1992,120,PVC,1.5,2.5,Very Low
PVCG,150,1994,119,PVC,1.5,1.5,Very Low
PVCG,150,1995,117,PVC,1.5,1.5,Very Low
PDI,250,1974,116,DI,3.0,2.5,Low
PVC,250,2015,116,PVC,1.5,2.5,Very Low
PVC,250,2008,115,PVC,1.5,2.5,Very Low
PVC,300,2019,115,PVC,1.5,2.5,Very Low
PVC,250,2013,114,PVC,1.5,2.5,Very Low
PVC,300,2021,111,PVC,1.5,2.5,Very Low
PVC,300,2014,111,PVC,1.5,2.5,Very Low
PDI,250,1973,110,DI,3.0,2.5,Low
PVC,300,1995,110,PVC,1.5,2.5,Very Low
CI,250,1910,110,CI,5.0,2.5,High
PVCG,150,1997,110,PVC,1.5,1.5,Very Low
CI,250,1959,109,CI,4.5,2.5,Moderate
PVC,250,2022,109,PVC,1.5,2.5,Very Low
PVC,150,1983,107,PVC,2.0,1.5,Very Low
PDI,150,1970,106,DI,3.0,1.5,Low
PVC,250,1987,105,PVC,1.5,2.5,Very Low
PDI,200,1975,104,DI,3.0,2.5,Low
YDI,250,1976,104,DI,2.5,2.5,Low
PVC,400,2003,103,PVC,1.5,3.5,Low
PVC,300,1996,102,PVC,1.5,2.5,Very Low
PVC,400,2001,101,PVC,1.5,3.5,Low
YDI,400,1978,101,DI,2.5,3.5,Moderate
PVCG,150,1996,101,PVC,1.5,1.5,Very Low
PDI,250,1975,96,DI,3.0,2.5,Low
YDI,250,1981,96,DI,2.5,2.5,Low
PVC,200,1985,95,PVC,2.0,2.5,Low
PVC,150,2011,95,PVC,1.5,1.5,Very Low
PVC,400,2004,94,PVC,1.5,3.5,Low
PDI,300,1971,93,DI,3.0,2.5,Low
PDI,150,1975,92,DI,3.0,1.5,Low
PVC,100,2002,92,PVC,1.5,1.5,Very Low
PVC,150,2017,92,PVC,1.5,1.5,Very Low
PVC,400,1996,91,PVC,1.5,3.5,Low
YDI,400,1981,91,DI,2.5,3.5,Moderate
PDI,150,1969,91,DI,3.0,1.5,Low
PDI,200,1970,91,DI,3.0,2.5,Low
PVCG,150,1992,90,PVC,1.5,1.5,Very Low
DI,150,1968,90,DI,3.0,1.5,Low
PVC,300,1987,90,PVC,1.5,2.5,Very Low
CI,150,1963,89,CI,4.5,1.5,Low
PVC,150,2018,89,PVC,1.5,1.5,Very Low
PVCG,150,1993,89,PVC,1.5,1.5,Very Low
YDI,200,1981,87,DI,2.5,2.5,Low
PVCG,150,1998,87,PVC,1.5,1.5,Very Low
CI,200,1959,85,CI,4.5,2.5,Moderate
PVC,400,1989,84,PVC,1.5,3.5,Low
PDI,250,1970,84,DI,3.0,2.5,Low
CI,300,1955,84,CI,4.5,2.5,Moderate
PVC,250,1981,83,PVC,2.0,2.5,Low
PVC,150,2012,83,PVC,1.5,1.5,Very Low
PVC,150,2015,83,PVC,1.5,1.5,Very Low
YDI,150,1981,82,DI,2.5,1.5,Very Low
CI,150,1964,82,CI,4.5,1.5,Low
YDI,400,1980,81,DI,2.5,3.5,Moderate
CI,150,1948,81,CI,4.5,1.5,Low
CI,300,1910,81,CI,5.0,2.5,High
PVC,100,2004,80,PVC,1.5,1.5,Very Low
PVC,250,2009,80,PVC,1.5,2.5,Very Low
PVC,300,1980,79,PVC,2.0,2.5,Low
PVC,150,1984,79,PVC,2.0,1.5,Very Low
CI,200,1962,78,CI,4.5,2.5,Moderate
PVC,150,2010,78,PVC,1.5,1.5,Very Low
PVC,150,2014,78,PVC,1.5,1.5,Very Low
YDI,400,1979,77,DI,2.5,3.5,Moderate
CI,300,1958,77,CI,4.5,2.5,Moderate
PVC,400,2007,77,PVC,1.5,3.5,Low
PVCG,200,1994,76,PVC,1.5,2.5,Very Low
CI,300,1959,76,CI,4.5,2.5,Moderate
PVC,400,1993,76,PVC,1.5,3.5,Low
PVC,300,2022,76,PVC,1.5,2.5,Very Low
PVC,200,1982,75,PVC,2.0,2.5,Low
YUDI,150,1979,75,DI,2.5,1.5,Very Low
PVC,100,2003,74,PVC,1.5,1.5,Very Low
PVC,100,2006,74,PVC,1.5,1.5,Very Low
CI,250,1958,73,CI,4.5,2.5,Moderate
PVC,150,2016,73,PVC,1.5,1.5,Very Low
CI,200,1958,71,CI,4.5,2.5,Moderate
CI,250,1962,71,CI,4.5,2.5,Moderate
CI,200,1954,71,CI,4.5,2.5,Moderate
YUDI,150,1978,70,DI,2.5,1.5,Very Low
PVC,100,2000,69,PVC,1.5,1.5,Very Low
CI,150,1966,69,CI,4.5,1.5,Low
PVCG,150,2000,69,PVC,1.5,1.5,Very Low
PVC,100,2005,69,PVC,1.5,1.5,Very Low
PVC,150,2008,68,PVC,1.5,1.5,Very Low
PDI,250,1969,67,DI,3.0,2.5,Low
CI,300,1951,67,CI,4.5,2.5,Moderate
PVC,200,1984,67,PVC,2.0,2.5,Low
PVC,300,2009,67,PVC,1.5,2.5,Very Low
DI,150,1969,66,DI,3.0,1.5,Low
PDI,300,1975,66,DI,3.0,2.5,Low
CON,900,1931,66,CON,3.5,4.0,High
PVCG,150,1999,65,PVC,1.5,1.5,Very Low
CI,300,1962,65,CI,4.5,2.5,Moderate
CI,200,1965,64,CI,4.5,2.5,Moderate
PVC,200,1983,64,PVC,2.0,2.5,Low
PVC,100,2001,64,PVC,1.5,1.5,Very Low
PVC,400,2017,64,PVC,1.5,3.5,Low
PVC,400,1991,63,PVC,1.5,3.5,Low
PVC,150,2009,63,PVC,1.5,1.5,Very Low
TUDI,150,1976,62,DI,2.5,1.5,Very Low
CI,250,1954,62,CI,4.5,2.5,Moderate
PVC,100,2007,62,PVC,1.5,1.5,Very Low
CI,150,1912,61,CI,5.0,1.5,Low
CI,250,1960,60,CI,4.5,2.5,Moderate
DI,200,1968,60,DI,3.0,2.5,Low
PVC,250,1985,60,PVC,2.0,2.5,Low
PDI,150,1968,60,DI,3.0,1.5,Low
PVC,400,2005,60,PVC,1.5,3.5,Low
PVC,400,1995,59,PVC,1.5,3.5,Low
PVC,250,1982,59,PVC,2.0,2.5,Low
PVC,150,2013,58,PVC,1.5,1.5,Very Low
CI,250,1957,56,CI,4.5,2.5,Moderate
PVC,250,1986,55,PVC,1.5,2.5,Very Low
PVC,100,1999,55,PVC,1.5,1.5,Very Low
CI,200,1961,55,CI,4.5,2.5,Moderate
PCI,150,1967,53,DI,3.0,1.5,Low
CI,250,1956,52,CI,4.5,2.5,Moderate
PVC,400,2023,52,PVC,1.5,3.5,Low
PDI,200,1969,51,DI,3.0,2.5,Low
PVCG,200,1995,51,PVC,1.5,2.5,Very Low
PVC,100,2011,51,PVC,1.5,1.5,Very Low
CI,300,1957,50,CI,4.5,2.5,Moderate
CI,200,1963,50,CI,4.5,2.5,Moderate
PVC,400,2006,50,PVC,1.5,3.5,Low
PVC,100,2010,50,PVC,1.5,1.5,Very Low
PCI,250,1967,49,DI,3.0,2.5,Low
PVC,400,2010,49,PVC,1.5,3.5,Low
PVC,300,1986,48,PVC,1.5,2.5,Very Low
CI,300,1956,48,CI,4.5,2.5,Moderate
AC,150,1974,48,AC,4.5,1.5,Low
CI,250,1953,48,CI,4.5,2.5,Moderate
YDI,400,1977,47,DI,2.5,3.5,Moderate
AC,400,1961,46,AC,4.5,3.5,High
PDI,250,1968,46,DI,3.0,2.5,Low
PDI,300,1970,46,DI,3.0,2.5,Low
CI,250,1955,45,CI,4.5,2.5,Moderate
CI,250,1951,45,CI,4.5,2.5,Moderate
PVC,400,2021,45,PVC,1.5,3.5,Low
YDI,150,1983,45,DI,2.5,1.5,Very Low
CI,200,1957,45,CI,4.5,2.5,Moderate
CI,250,1961,45,CI,4.5,2.5,Moderate
PVC,300,1983,44,PVC,2.0,2.5,Low
CI,200,1964,44,CI,4.5,2.5,Moderate
PVC,400,2018,44,PVC,1.5,3.5,Low
PVC,400,2020,44,PVC,1.5,3.5,Low
PVCG,150,1991,43,PVC,1.5,1.5,Very Low
AC,400,1958,43,AC,4.5,3.5,High
PVCG,150,1990,43,PVC,1.5,1.5,Very Low
CI,250,1964,42,CI,4.5,2.5,Moderate
PVC,250,1980,42,PVC,2.0,2.5,Low
CI,300,1954,42,CI,4.5,2.5,Moderate
CI,200,1967,42,CI,4.5,2.5,Moderate
PVC,300,1982,41,PVC,2.0,2.5,Low
PVC,250,1984,41,PVC,2.0,2.5,Low
TUDI,150,1977,41,DI,2.5,1.5,Very Low
PVC,300,2020,41,PVC,1.5,2.5,Very Low
DI,200,1970,40,DI,3.0,2.5,Low
PVC,150,1978,40,PVC,2.0,1.5,Very Low
DI,200,1969,40,DI,3.0,2.5,Low
ST,250,2010,40,ST,2.5,2.5,Low
PVC,400,2008,39,PVC,1.5,3.5,Low
DI,250,1968,39,DI,3.0,2.5,Low
CI,150,1947,39,CI,4.5,1.5,Low
YUDI,150,1980,38,DI,2.5,1.5,Very Low
CI,150,1967,38,CI,4.5,1.5,Low
CI,200,1956,38,CI,4.5,2.5,Moderate
PVC,300,1985,38,PVC,2.0,2.5,Low
ECI,150,1964,38,CI,4.5,1.5,Low
DI,300,1968,37,DI,3.0,2.5,Low
AC,200,1974,37,AC,4.5,2.5,Moderate
YDI,300,1982,37,DI,2.5,2.5,Low
CU,40,1971,37,CU,2.5,1.5,Very Low
AC,150,1975,36,AC,4.5,1.5,Low
PVCG,200,1996,36,PVC,1.5,2.5,Very Low
CI,300,1950,36,CI,4.5,2.5,Moderate
CI,250,1949,36,CI,4.5,2.5,Moderate
YDI,150,1984,36,DI,2.5,1.5,Very Low
DI,150,1971,36,DI,3.0,1.5,Low
DI,150,1970,36,DI,3.0,1.5,Low
CU,50,1971,36,CU,2.5,1.5,Very Low
YUDI,150,1981,35,DI,2.5,1.5,Very Low
PVCG,250,1997,35,PVC,1.5,2.5,Very Low
DI,250,1969,35,DI,3.0,2.5,Low
CI,250,1967,35,CI,4.5,2.5,Moderate
CI,150,1911,35,CI,5.0,1.5,Low
CON,900,1977,35,CON,4.5,4.0,Very High
ST,900,1954,35,ST,3.0,4.0,Moderate
PVCG,200,1993,35,PVC,1.5,2.5,Very Low
ST,250,2015,35,ST,2.5,2.5,Low
PVCG,250,1995,34,PVC,1.5,2.5,Very Low
CI,250,1952,34,CI,4.5,2.5,Moderate
PDI,200,1968,34,DI,3.0,2.5,Low
PVC,400,2012,34,PVC,1.5,3.5,Low
YUDI,100,1978,33,DI,2.5,1.5,Very Low
CON,900,2001,33,CON,2.5,4.0,Moderate
PVCG,200,1992,33,PVC,1.5,2.5,Very Low
TUDI,100,1977,33,DI,2.5,1.5,Very Low
ECI,150,1965,32,CI,4.5,1.5,Low
AC,400,1959,32,AC,4.5,3.5,High
PVCG,250,1992,32,PVC,1.5,2.5,Very Low
PVC,250,1983,32,PVC,2.0,2.5,Low
YDI,400,1976,31,DI,2.5,3.5,Moderate
CI,400,1953,31,CI,4.5,3.5,High
PVC,100,2008,31,PVC,1.5,1.5,Very Low
CON,600,1973,30,CON,4.5,4.0,Very High
AC,200,1975,30,AC,4.5,2.5,Moderate
YST,350,1976,30,ST,2.5,3.5,Moderate
PVC,100,2013,30,PVC,1.5,1.5,Very Low
CI,300,2007,30,CI,3.5,2.5,Moderate
CI,250,1963,29,CI,4.5,2.5,Moderate
CON,400,1962,29,CON,3.0,3.5,Moderate
PCI,150,1966,29,DI,3.0,1.5,Low
PVCG,250,1990,29,PVC,1.5,2.5,Very Low
CON,900,1982,29,CON,2.5,4.0,Moderate
CI,300,1952,29,CI,4.5,2.5,Moderate
PVC,400,2016,29,PVC,1.5,3.5,Low
ECI,200,1965,28,CI,4.5,2.5,Moderate
PDI,400,1975,28,DI,3.0,3.5,Moderate
DI,150,1967,28,DI,3.0,1.5,Low
CI,200,1950,28,CI,4.5,2.5,Moderate
AC,150,1976,27,AC,4.0,1.5,Low
PVCG,250,1999,27,PVC,1.5,2.5,Very Low
TWD,150,1975,27,OTHER,3.5,1.5,Low
ST,1350,1972,27,ST,3.0,5.0,High
PDI,400,1973,27,DI,3.0,3.5,Moderate
CI,250,1930,27,CI,5.0,2.5,High
CI,200,1966,27,CI,4.5,2.5,Moderate
PVC,300,1984,27,PVC,2.0,2.5,Low
PVCG,250,1998,27,PVC,1.5,2.5,Very Low
CI,500,1930,27,CI,5.0,3.5,Very High
PVC,400,2019,27,PVC,1.5,3.5,Low
PCI,250,1966,26,DI,3.0,2.5,Low
CI,150,1945,26,CI,5.0,1.5,Low
DI,200,1971,26,DI,3.0,2.5,Low
PVCG,250,1996,26,PVC,1.5,2.5,Very Low
CI,150,1946,26,CI,4.5,1.5,Low
CI,300,1963,26,CI,4.5,2.5,Moderate
ST,500,1959,26,ST,3.0,3.5,Moderate
ST,200,2010,26,ST,2.5,2.5,Low
PVC,400,2022,26,PVC,1.5,3.5,Low
PVCG,300,1994,25,PVC,1.5,2.5,Very Low
CI,100,1956,25,CI,4.5,1.5,Low
PVC,400,1986,25,PVC,1.5,3.5,Low
AC,150,1977,25,AC,4.0,1.5,Low
YDI,150,1982,25,DI,2.5,1.5,Very Low
PVC,400,1988,25,PVC,1.5,3.5,Low
PVCG,250,1994,25,PVC,1.5,2.5,Very Low
YDI,300,1984,25,DI,2.5,2.5,Low
CI,300,1953,25,CI,4.5,2.5,Moderate
AC,400,1962,25,AC,4.5,3.5,High
CON,900,2000,25,CON,2.5,4.0,Moderate
AC,250,1974,24,AC,4.5,2.5,Moderate
YDI,250,2000,24,DI,2.5,2.5,Low
CI,200,1953,24,CI,4.5,2.5,Moderate
ECI,250,1964,24,CI,4.5,2.5,Moderate
CON,500,1960,24,CON,3.0,3.5,Moderate
YDI,250,1982,24,DI,2.5,2.5,Low
PVC,400,2009,24,PVC,1.5,3.5,Low
PVC,100,2014,24,PVC,1.5,1.5,Very Low
BDI,250,2016,24,DI,2.5,2.5,Low
CI,150,1930,23,CI,5.0,1.5,Low
PVC,400,1987,23,PVC,1.5,3.5,Low
DI,300,1969,23,DI,3.0,2.5,Low
CON,900,1980,23,CON,4.0,4.0,High
CI,150,1929,23,CI,5.0,1.5,Low
ST,200,2014,23,ST,2.5,2.5,Low
PVC,200,1979,22,PVC,2.0,2.5,Low
ECI,150,1963,22,CI,4.5,1.5,Low
CI,150,1931,22,CI,5.0,1.5,Low
YDI,200,1982,22,DI,2.5,2.5,Low
PVCG,300,1996,22,PVC,1.5,2.5,Very Low
ECI,200,1964,22,CI,4.5,2.5,Moderate
ST,900,2015,22,ST,2.5,4.0,Moderate
ST,900,2009,22,ST,2.5,4.0,Moderate
PVC,100,2012,22,PVC,1.5,1.5,Very Low
ST,200,2009,22,ST,2.5,2.5,Low
ST,1050,2023,22,ST,2.5,5.0,High
PDI,400,1972,21,DI,3.0,3.5,Moderate
AC,250,1956,21,AC,4.5,2.5,Moderate
PVCG,300,1995,21,PVC,1.5,2.5,Very Low
AC,300,1976,21,AC,4.0,2.5,Moderate
DI,250,1967,21,DI,3.0,2.5,Low
DI,400,1970,21,DI,3.0,3.5,Moderate
CI,300,1966,21,CI,4.5,2.5,Moderate
YDI,300,1999,21,DI,2.5,2.5,Low
ST,250,2017,21,ST,2.5,2.5,Low
ST,200,2015,21,ST,2.5,2.5,Low
ST,300,2023,21,ST,2.5,2.5,Low
DI,250,1970,20,DI,3.0,2.5,Low
PVC,100,2018,20,PVC,1.5,1.5,Very Low
PVC,250,1978,20,PVC,2.0,2.5,Low
AC,300,1977,20,AC,4.0,2.5,Moderate
CON,900,1978,20,CON,4.5,4.0,Very High
CI,300,1967,20,CI,4.5,2.5,Moderate
CI,300,1947,20,CI,4.5,2.5,Moderate
DI,250,1972,20,DI,3.0,2.5,Low
CI,100,1910,20,CI,5.0,1.5,Low
PDI,300,1968,20,DI,3.0,2.5,Low
ST,250,1982,20,ST,2.5,2.5,Low
CI,150,1941,19,CI,5.0,1.5,Low
DI,150,1972,19,DI,3.0,1.5,Low
CI,300,1948,19,CI,4.5,2.5,Moderate
CI,100,1954,19,CI,4.5,1.5,Low
DI,300,1971,19,DI,3.0,2.5,Low
PVCG,250,1991,19,PVC,1.5,2.5,Very Low
PVCG,200,1998,19,PVC,1.5,2.5,Very Low
PVC,150,1977,19,PVC,2.0,1.5,Very Low
DI,300,1970,19,DI,3.0,2.5,Low
ST,300,2003,19,ST,2.5,2.5,Low
ST,300,1982,19,ST,2.5,2.5,Low
ST,200,2002,19,ST,2.5,2.5,Low
CON,750,2010,19,CON,2.5,4.0,Moderate
ST,900,2023,19,ST,2.5,4.0,Moderate
PDI,250,1976,18,DI,2.5,2.5,Low
ST,900,1966,18,ST,3.0,4.0,Moderate
DI,250,1964,18,DI,3.0,2.5,Low
CON,1050,1980,18,CON,4.0,5.0,Very High
CON,1200,1982,18,CON,2.5,5.0,High
CON,750,1980,18,CON,4.0,4.0,High
PVCG,400,1996,18,PVC,1.5,3.5,Low
CI,400,1955,18,CI,4.5,3.5,High
CON,900,1975,18,CON,5.0,4.0,Very High
PDI,100,1972,18,DI,3.0,1.5,Low
CI,400,1910,18,CI,5.0,3.5,Very High
ST,250,2002,18,ST,2.5,2.5,Low
PVC,100,2017,18,PVC,1.5,1.5,Very Low
ST,150,2015,18,ST,2.5,1.5,Very Low
PDI,250,1967,17,DI,3.0,2.5,Low
PVC,200,1977,17,PVC,2.0,2.5,Low
PVC,300,1979,17,PVC,2.0,2.5,Low
AC,400,1960,17,AC,4.5,3.5,High
CI,250,1966,17,CI,4.5,2.5,Moderate
CON,600,1957,17,CON,3.0,4.0,Moderate
CI,300,1960,17,CI,4.5,2.5,Moderate
PVC,150,1979,17,PVC,2.0,1.5,Very Low
CON,1200,1981,17,CON,2.5,5.0,High
AC,400,1963,17,AC,4.5,3.5,High
CON,750,1981,17,CON,2.5,4.0,Moderate
ST,1050,1976,17,ST,2.5,5.0,High
PDI,250,1966,17,DI,3.0,2.5,Low
CI,400,1934,17,CI,5.0,3.5,Very High
DI,250,1963,17,DI,3.0,2.5,Low
PE,50,2020,17,PE,1.5,1.5,Very Low
ST,1050,2017,17,ST,2.5,5.0,High
ST,600,1964,17,ST,3.0,4.0,Moderate
ST,600,2012,17,ST,2.5,4.0,Moderate
YDI,150,2000,16,DI,2.5,1.5,Very Low
ST,1050,1972,16,ST,3.0,5.0,High
CI,100,1955,16,CI,4.5,1.5,Low
CON,900,1974,16,CON,4.5,4.0,Very High
CI,250,1950,16,CI,4.5,2.5,Moderate
ST,300,2017,16,ST,2.5,2.5,Low
CON,900,1962,16,CON,3.0,4.0,Moderate
PDI,400,1971,16,DI,3.0,3.5,Moderate
ST,300,1978,16,ST,2.5,2.5,Low
CON,750,1953,16,CON,3.0,4.0,Moderate
CON,1050,1976,16,CON,4.5,5.0,Very High
PVCG,200,1990,16,PVC,1.5,2.5,Very Low
CI,250,1965,16,CI,4.5,2.5,Moderate
PE,150,1999,16,PE,1.5,1.5,Very Low
ST,1050,2001,16,ST,2.5,5.0,High
ECI,250,1965,16,CI,4.5,2.5,Moderate
ST,400,2017,16,ST,2.5,3.5,Moderate
PVC,400,2013,16,PVC,1.5,3.5,Low
PE,300,2007,16,PE,1.5,2.5,Very Low
PVC,200,1978,15,PVC,2.0,2.5,Low
PVC,100,2021,15,PVC,1.5,1.5,Very Low
CON,900,1968,15,CON,3.0,4.0,Moderate
DI,300,1965,15,DI,3.0,2.5,Low
CON,750,2002,15,CON,2.5,4.0,Moderate
YUDI,100,1979,15,DI,2.5,1.5,Very Low
YDI,150,1986,15,DI,2.5,1.5,Very Low
CI,200,1948,15,CI,4.5,2.5,Moderate
PDI,100,1971,15,DI,3.0,1.5,Low
AC,300,1974,15,AC,4.5,2.5,Moderate
YDI,200,1984,15,DI,2.5,2.5,Low
CI,250,1948,15,CI,4.5,2.5,Moderate
CON,900,1976,15,CON,4.5,4.0,Very High
PVC,600,2004,15,PVC,1.5,3.5,Low
ST,900,2017,15,ST,2.5,4.0,Moderate
ST,900,1962,15,ST,3.0,4.0,Moderate
ST,100,2015,15,ST,2.5,1.5,Very Low
ST,250,2001,15,ST,2.5,2.5,Low
ST,200,2000,15,ST,2.5,2.5,Low
CI,200,1968,14,CI,4.5,2.5,Moderate
DI,250,1971,14,DI,3.0,2.5,Low
AC,250,1976,14,AC,4.0,2.5,Moderate
CON,900,1966,14,CON,3.0,4.0,Moderate
ST,900,2004,14,ST,2.5,4.0,Moderate
CI,300,1965,14,CI,4.5,2.5,Moderate
PE,150,1977,14,PE,2.0,1.5,Very Low
CON,900,1959,14,CON,3.0,4.0,Moderate
PVCG,250,1993,14,PVC,1.5,2.5,Very Low
ST,600,1955,14,ST,3.0,4.0,Moderate
CI,200,1910,14,CI,5.0,2.5,High
CON,1350,1985,14,CON,2.5,5.0,High
YDI,400,1985,14,DI,2.5,3.5,Moderate
YDI,200,1983,14,DI,2.5,2.5,Low
ST,900,2014,14,ST,2.5,4.0,Moderate
CI,200,1955,14,CI,4.5,2.5,Moderate
PE,200,2001,14,PE,1.5,2.5,Very Low
CON,900,2003,14,CON,2.5,4.0,Moderate
PCI,200,1967,14,DI,3.0,2.5,Low
CON,500,1964,14,CON,3.0,3.5,Moderate
ECI,200,1962,14,CI,4.5,2.5,Moderate
CON,1050,1996,14,CON,2.5,5.0,High
ST,300,2009,14,ST,2.5,2.5,Low
CON,1050,1986,13,CON,2.5,5.0,High
CON,900,1981,13,CON,2.5,4.0,Moderate
PDI,300,1969,13,DI,3.0,2.5,Low
CI,300,1949,13,CI,4.5,2.5,Moderate
CI,200,1930,13,CI,5.0,2.5,High
DI,250,1965,13,DI,3.0,2.5,Low
PVCG,250,2000,13,PVC,1.5,2.5,Very Low
PDI,300,1976,13,DI,2.5,2.5,Low
ST,900,2012,13,ST,2.5,4.0,Moderate
ST,900,2003,13,ST,2.5,4.0,Moderate
DI,200,1966,13,DI,3.0,2.5,Low
CON,750,1979,13,CON,4.0,4.0,High
ST,200,1996,13,ST,2.5,2.5,Low
PE,150,1997,13,PE,1.5,1.5,Very Low
CON,500,1970,13,CON,4.5,3.5,High
PVC,400,2011,13,PVC,1.5,3.5,Low
PVC,100,2016,13,PVC,1.5,1.5,Very Low
ST,1350,2019,13,ST,2.5,5.0,High
ST,150,2014,13,ST,2.5,1.5,Very Low
PE,50,2021,13,PE,1.5,1.5,Very Low
BDI,250,2019,13,DI,2.5,2.5,Low
PVC,600,2020,13,PVC,1.5,3.5,Low
ST,400,2020,13,ST,2.5,3.5,Moderate
ST,600,1961,12,ST,3.0,4.0,Moderate
CON,750,1977,12,CON,4.5,4.0,Very High
PVCG,400,1992,12,PVC,1.5,3.5,Low
AC,300,1971,12,AC,4.5,2.5,Moderate
CON,750,1958,12,CON,3.0,4.0,Moderate
PVCG,200,1991,12,PVC,1.5,2.5,Very Low
CI,200,1952,12,CI,4.5,2.5,Moderate
CON,1050,1988,12,CON,2.5,5.0,High
PVCG,200,2002,12,PVC,1.5,2.5,Very Low
AC,300,1975,12,AC,4.5,2.5,Moderate
CI,100,1950,12,CI,4.5,1.5,Low
CON,750,1970,12,CON,4.5,4.0,Very High
DI,300,1966,12,DI,3.0,2.5,Low
DI,300,1964,12,DI,3.0,2.5,Low
DI,300,1963,12,DI,3.0,2.5,Low
PDI,200,1965,12,DI,3.0,2.5,Low
ST,750,1969,12,ST,3.0,4.0,Moderate
CI,100,1959,12,CI,4.5,1.5,Low
ST,600,1970,12,ST,3.0,4.0,Moderate
PE,125,1995,12,PE,1.5,1.5,Very Low
ST,300,1985,12,ST,2.5,2.5,Low
CON,900,1967,12,CON,3.0,4.0,Moderate
PVCG,200,1997,12,PVC,1.5,2.5,Very Low
CON,750,1972,12,CON,4.5,4.0,Very High
CON,600,1959,12,CON,3.0,4.0,Moderate
ST,200,2012,12,ST,2.5,2.5,Low
ST,1200,1982,12,ST,2.5,5.0,High
PVC,100,2015,12,PVC,1.5,1.5,Very Low
ST,300,2006,12,ST,2.5,2.5,Low
ST,250,1978,12,ST,2.5,2.5,Low
CON,1950,1975,12,CON,5.0,5.0,Very High
CON,900,2009,12,CON,2.5,4.0,Moderate
ST,250,2023,12,ST,2.5,2.5,Low
BDI,300,2017,12,DI,2.5,2.5,Low
PCI,200,1966,11,DI,3.0,2.5,Low
CI,300,1930,11,CI,5.0,2.5,High
AC,200,1976,11,AC,4.0,2.5,Moderate
ST,300,2019,11,ST,2.5,2.5,Low
DI,200,1965,11,DI,3.0,2.5,Low
CI,250,1946,11,CI,4.5,2.5,Moderate
PVCG,150,2003,11,PVC,1.5,1.5,Very Low
ST,1500,1978,11,ST,2.5,5.0,High
ST,900,1982,11,ST,2.5,4.0,Moderate
CON,1050,1981,11,CON,2.5,5.0,High
CI,150,1926,11,CI,5.0,1.5,Low
CI,200,1949,11,CI,4.5,2.5,Moderate
PDI,300,1965,11,DI,3.0,2.5,Low
YDI,400,1983,11,DI,2.5,3.5,Moderate
PVCG,300,1992,11,PVC,1.5,2.5,Very Low
CI,100,1952,11,CI,4.5,1.5,Low
CU,50,1962,11,CU,2.5,1.5,Very Low
CI,600,1951,11,CI,4.5,3.5,High
YUDI,150,1977,11,DI,2.5,1.5,Very Low
DI,150,1966,11,DI,3.0,1.5,Low
CI,250,1912,11,CI,5.0,2.5,High
CI,400,1957,11,CI,4.5,3.5,High
ST,900,1963,11,ST,3.0,4.0,Moderate
ST,500,1963,11,ST,3.0,3.5,Moderate
ECI,150,1962,11,CI,4.5,1.5,Low
CON,1200,2011,11,CON,2.5,5.0,High
TWD,100,1976,11,OTHER,3.0,1.5,Low
ST,250,2000,11,ST,2.5,2.5,Low
CON,500,1972,11,CON,4.5,3.5,High
ST,400,1973,11,ST,3.0,3.5,Moderate
PE,50,2023,11,PE,1.5,1.5,Very Low
PDI,150,1967,10,DI,3.0,1.5,Low
AC,200,1977,10,AC,4.0,2.5,Moderate
CON,900,1973,10,CON,4.5,4.0,Very High
PVC,300,1978,10,PVC,2.0,2.5,Low
PCI,300,1967,10,DI,3.0,2.5,Low
PVCG,300,2001,10,PVC,1.5,2.5,Very Low
CI,150,1928,10,CI,5.0,1.5,Low
CON,500,1980,10,CON,4.0,3.5,High
PVCG,400,2000,10,PVC,1.5,3.5,Low
AC,150,1955,10,AC,4.5,1.5,Low
CON,1050,1993,10,CON,2.5,5.0,High
YUDI,200,1979,10,DI,2.5,2.5,Low
DI,150,1975,10,DI,3.0,1.5,Low
PVCG,200,1999,10,PVC,1.5,2.5,Very Low
PDI,400,1974,10,DI,3.0,3.5,Moderate
YDI,150,1999,10,DI,2.5,1.5,Very Low
YDI,400,1984,10,DI,2.5,3.5,Moderate
ST,600,1963,10,ST,3.0,4.0,Moderate
ST,1200,2005,10,ST,2.5,5.0,High
ST,600,1959,10,ST,3.0,4.0,Moderate
PVCG,200,1989,10,PVC,1.5,2.5,Very Low
CON,500,1962,10,CON,3.0,3.5,Moderate
ST,1050,1971,10,ST,3.0,5.0,High
YDI,400,1982,10,DI,2.5,3.5,Moderate
CON,1200,1991,10,CON,2.5,5.0,High
PVC,100,2009,10,PVC,1.5,1.5,Very Low
ST,500,1971,10,ST,3.0,3.5,Moderate
ST,250,2003,10,ST,2.5,2.5,Low
ST,300,2015,10,ST,2.5,2.5,Low
PE,50,2022,10,PE,1.5,1.5,Very Low
ST,500,1968,9,ST,3.0,3.5,Moderate
ST,1650,1978,9,ST,2.5,5.0,High
PDI,100,1973,9,DI,3.0,1.5,Low
PE,125,1986,9,PE,1.5,1.5,Very Low
CI,150,1927,9,CI,5.0,1.5,Low
YDI,300,1983,9,DI,2.5,2.5,Low
YDI,200,1999,9,DI,2.5,2.5,Low
PE,125,1996,9,PE,1.5,1.5,Very Low
CI,200,1937,9,CI,5.0,2.5,High
CI,150,1944,9,CI,5.0,1.5,Low
CI,250,1968,9,CI,4.5,2.5,Moderate
CI,600,1952,9,CI,4.5,3.5,High
DI,300,1967,9,DI,3.0,2.5,Low
DI,300,1973,9,DI,3.0,2.5,Low
DI,200,1967,9,DI,3.0,2.5,Low
YUDI,200,1980,9,DI,2.5,2.5,Low
ST,500,1973,9,ST,3.0,3.5,Moderate
ST,150,1953,9,ST,3.0,1.5,Low
PDI,400,1970,9,DI,3.0,3.5,Moderate
PDI,250,1965,9,DI,3.0,2.5,Low
CU,40,1977,9,CU,2.0,1.5,Very Low
CI,300,1964,9,CI,4.5,2.5,Moderate
ST,250,2007,9,ST,2.5,2.5,Low
ST,500,2017,9,ST,2.5,3.5,Moderate
ST,1200,2010,9,ST,2.5,5.0,High
ST,500,1982,9,ST,2.5,3.5,Moderate
CON,1050,1995,9,CON,2.5,5.0,High
ST,150,2004,9,ST,2.5,1.5,Very Low
CON,900,1995,9,CON,2.5,4.0,Moderate
ST,900,1978,9,ST,2.5,4.0,Moderate
CON,1050,2003,9,CON,2.5,5.0,High
ST,750,1978,9,ST,2.5,4.0,Moderate
ST,250,2014,9,ST,2.5,2.5,Low
ST,200,2001,9,ST,2.5,2.5,Low
ST,200,1995,9,ST,2.5,2.5,Low
ST,250,1992,9,ST,2.5,2.5,Low
ST,250,2013,9,ST,2.5,2.5,Low
ST,1066,2015,9,ST,2.5,5.0,High
PVC,100,2023,9,PVC,1.5,1.5,Very Low
BDI,150,2016,9,DI,2.5,1.5,Very Low
ST,250,2022,9,ST,2.5,2.5,Low
ECI,250,1963,8,CI,4.5,2.5,Moderate
AC,250,1975,8,AC,4.5,2.5,Moderate
PVCG,200,2001,8,PVC,1.5,2.5,Very Low
CON,900,1998,8,CON,2.5,4.0,Moderate
PE,125,1989,8,PE,1.5,1.5,Very Low
PVCG,200,2000,8,PVC,1.5,2.5,Very Low
ST,1950,1972,8,ST,3.0,5.0,High
YDI,200,1985,8,DI,2.5,2.5,Low
YDI,150,1985,8,DI,2.5,1.5,Very Low
CI,200,1951,8,CI,4.5,2.5,Moderate
CU,40,2001,8,CU,2.0,1.5,Very Low
TUDI,100,1978,8,DI,2.5,1.5,Very Low
CI,300,1940,8,CI,5.0,2.5,High
PVCG,150,2004,8,PVC,1.5,1.5,Very Low
CON,1350,1994,8,CON,2.5,5.0,High
PVCG,150,2002,8,PVC,1.5,1.5,Very Low
CI,300,1961,8,CI,4.5,2.5,Moderate
AC,250,1977,8,AC,4.0,2.5,Moderate
ST,500,1956,8,ST,3.0,3.5,Moderate
PVCG,150,2001,8,PVC,1.5,1.5,Very Low
CON,1050,2002,8,CON,2.5,5.0,High
CON,750,1976,8,CON,4.5,4.0,Very High
PE,125,1997,8,PE,1.5,1.5,Very Low
CI,500,1953,8,CI,4.5,3.5,High
YDI,150,1995,8,DI,2.5,1.5,Very Low
CU,50,1977,8,CU,2.0,1.5,Very Low
CI,300,1931,8,CI,5.0,2.5,High
CI,450,1910,8,CI,5.0,3.5,Very High
PDI,250,1977,8,DI,2.5,2.5,Low
ST,750,1965,8,ST,3.0,4.0,Moderate
ST,300,1976,8,ST,2.5,2.5,Low
PVC,100,2019,8,PVC,1.5,1.5,Very Low
YDI,400,1998,8,DI,2.5,3.5,Moderate
AC,400,1964,8,AC,4.5,3.5,High
YDI,250,1983,8,DI,2.5,2.5,Low
ST,100,1962,8,ST,3.0,1.5,Low
YDI,250,1997,8,DI,2.5,2.5,Low
ST,100,1982,8,ST,2.5,1.5,Very Low
CON,900,1972,8,CON,4.5,4.0,Very High
PVC,400,1985,8,PVC,2.0,3.5,Low
ST,150,1931,8,ST,3.5,1.5,Low
ST,250,1981,8,ST,2.5,2.5,Low
ST,1200,1964,8,ST,3.0,5.0,High
CU,40,1978,8,CU,2.0,1.5,Very Low
CON,750,2012,8,CON,2.5,4.0,Moderate
DI,400,1964,8,DI,3.0,3.5,Moderate
PVC,400,2014,8,PVC,1.5,3.5,Low
CON,900,2010,8,CON,2.5,4.0,Moderate
CI,100,1958,8,CI,4.5,1.5,Low
ST,300,2021,8,ST,2.5,2.5,Low
BDI,150,2017,8,DI,2.5,1.5,Very Low
PVC,100,2022,8,PVC,1.5,1.5,Very Low
DI,300,1972,7,DI,3.0,2.5,Low
CU,50,1973,7,CU,2.5,1.5,Very Low
CU,50,1972,7,CU,2.5,1.5,Very Low
CU,50,1958,7,CU,2.5,1.5,Very Low
CON,750,1965,7,CON,3.0,4.0,Moderate
PE,200,1977,7,PE,2.0,2.5,Low
PVC,400,2015,7,PVC,1.5,3.5,Low
DI,400,1972,7,DI,3.0,3.5,Moderate
DI,200,1972,7,DI,3.0,2.5,Low
ST,900,1975,7,ST,3.0,4.0,Moderate
CU,40,2000,7,CU,2.0,1.5,Very Low
YDI,250,1999,7,DI,2.5,2.5,Low
CI,150,2003,7,CI,4.0,1.5,Low
CON,1200,2013,7,CON,2.5,5.0,High
ST,300,1981,7,ST,2.5,2.5,Low
PVCG,150,1989,7,PVC,1.5,1.5,Very Low
CI,200,1929,7,CI,5.0,2.5,High
CI,400,1962,7,CI,4.5,3.5,High
YST,300,1979,7,ST,2.5,2.5,Low
CI,100,1957,7,CI,4.5,1.5,Low
ST,600,1973,7,ST,3.0,4.0,Moderate
YST,150,1991,7,ST,2.5,1.5,Very Low
ST,500,1966,7,ST,3.0,3.5,Moderate
CI,150,1943,7,CI,5.0,1.5,Low
ST,250,1977,7,ST,2.5,2.5,Low
CU,50,1979,7,CU,2.0,1.5,Very Low
ST,600,1962,7,ST,3.0,4.0,Moderate
DI,250,1966,7,DI,3.0,2.5,Low
CI,250,1940,7,CI,5.0,2.5,High
PDI,200,1976,7,DI,2.5,2.5,Low
PVCG,250,2002,7,PVC,1.5,2.5,Very Low
CI,400,1956,7,CI,4.5,3.5,High
CON,500,1966,7,CON,3.0,3.5,Moderate
CI,200,1941,7,CI,5.0,2.5,High
PE,125,1990,7,PE,1.5,1.5,Very Low
ST,1500,1984,7,ST,2.5,5.0,High
DI,400,1968,7,DI,3.0,3.5,Moderate
CON,400,1968,7,CON,3.0,3.5,Moderate
CI,300,1968,7,CI,4.5,2.5,Moderate
CI,100,1961,7,CI,4.5,1.5,Low
ST,900,2002,7,ST,2.5,4.0,Moderate
PVCG,300,1998,7,PVC,1.5,2.5,Very Low
CON,1350,1982,7,CON,2.5,5.0,High
ST,750,2009,7,ST,2.5,4.0,Moderate
CON,900,2015,7,CON,2.5,4.0,Moderate
CON,500,1982,7,CON,2.5,3.5,Moderate
ST,250,2004,7,ST,2.5,2.5,Low
PE,450,2001,7,PE,1.5,3.5,Low
ST,900,2007,7,ST,2.5,4.0,Moderate
ST,750,2007,7,ST,2.5,4.0,Moderate
YDI,250,1990,7,DI,2.5,2.5,Low
CI,450,1954,7,CI,4.5,3.5,High
PVC,600,2006,7,PVC,1.5,3.5,Low
YST,300,1978,7,ST,2.5,2.5,Low
CU,50,1910,7,CU,2.5,1.5,Very Low
ST,400,2023,7,ST,2.5,3.5,Moderate
ST,1050,2021,7,ST,2.5,5.0,High
ST,600,2020,7,ST,2.5,4.0,Moderate
DI,250,2020,7,DI,2.5,2.5,Low
YDI,200,1989,6,DI,2.5,2.5,Low
PE,125,1993,6,PE,1.5,1.5,Very Low
CU,40,1987,6,CU,2.0,1.5,Very Low
PE,125,1983,6,PE,2.0,1.5,Very Low
CU,50,1978,6,CU,2.0,1.5,Very Low
CU,40,1974,6,CU,2.5,1.5,Very Low
CON,1200,1974,6,CON,4.5,5.0,Very High
CU,50,1998,6,CU,2.0,1.5,Very Low
YDI,300,1988,6,DI,2.5,2.5,Low
CU,50,1991,6,CU,2.0,1.5,Very Low
CON,600,1994,6,CON,2.5,4.0,Moderate
ST,1200,1966,6,ST,3.0,5.0,High
CON,1200,1990,6,CON,2.5,5.0,High
DI,250,1975,6,DI,3.0,2.5,Low
PE,150,1989,6,PE,1.5,1.5,Very Low
CI,250,1914,6,CI,5.0,2.5,High
DI,200,1963,6,DI,3.0,2.5,Low
YDI,200,1995,6,DI,2.5,2.5,Low
CU,25,1969,6,CU,2.5,1.5,Very Low
TUDI,150,1978,6,DI,2.5,1.5,Very Low
ST,200,1972,6,ST,3.0,2.5,Low
YDI,400,1986,6,DI,2.5,3.5,Moderate
CI,100,1946,6,CI,4.5,1.5,Low
CU,40,1988,6,CU,2.0,1.5,Very Low
CI,450,1912,6,CI,5.0,3.5,Very High
CON,750,2004,6,CON,2.5,4.0,Moderate
CON,1200,1976,6,CON,4.5,5.0,Very High
ST,500,1976,6,ST,2.5,3.5,Moderate
ST,750,1976,6,ST,2.5,4.0,Moderate
PVCG,400,1994,6,PVC,1.5,3.5,Low
CON,600,1972,6,CON,4.5,4.0,Very High
CI,150,1914,6,CI,5.0,1.5,Low
YDI,300,1992,6,DI,2.5,2.5,Low
YUDI,200,1978,6,DI,2.5,2.5,Low
CON,1200,1984,6,CON,2.5,5.0,High
CON,1050,1989,6,CON,2.5,5.0,High
ST,900,1970,6,ST,3.0,4.0,Moderate
PVCG,300,2000,6,PVC,1.5,2.5,Very Low
AC,250,1961,6,AC,4.5,2.5,Moderate
CU,50,1999,6,CU,2.0,1.5,Very Low
YDI,150,2002,6,DI,2.5,1.5,Very Low
CI,400,1949,6,CI,4.5,3.5,High
CON,900,1987,6,CON,2.5,4.0,Moderate
PE,125,1998,6,PE,1.5,1.5,Very Low
CI,150,1939,6,CI,5.0,1.5,Low
FPVC,300,1977,6,PVC,2.0,2.5,Low
CON,750,1974,6,CON,4.5,4.0,Very High
PE,125,1985,6,PE,2.0,1.5,Very Low
ST,150,1980,6,ST,2.5,1.5,Very Low
CU,40,1976,6,CU,2.0,1.5,Very Low
CI,250,1934,6,CI,5.0,2.5,High
ST,600,1975,6,ST,3.0,4.0,Moderate
PE,50,2017,6,PE,1.5,1.5,Very Low
ST,100,2010,6,ST,2.5,1.5,Very Low
PVC,400,1900,6,PVC,2.0,3.5,Low
ST,300,1955,6,ST,3.0,2.5,Low
ECI,250,1962,6,CI,4.5,2.5,Moderate
ECI,250,1966,6,CI,4.5,2.5,Moderate
CON,900,1970,6,CON,4.5,4.0,Very High
CI,350,1952,6,CI,4.5,3.5,High
PE,250,2014,6,PE,1.5,2.5,Very Low
ST,150,1978,6,ST,2.5,1.5,Very Low
ST,150,2001,6,ST,2.5,1.5,Very Low
ST,100,1966,6,ST,3.0,1.5,Low
ST,750,2006,6,ST,2.5,4.0,Moderate
PVC,150,1976,6,PVC,2.0,1.5,Very Low
ST,250,2005,6,ST,2.5,2.5,Low
PVCG,250,2003,6,PVC,1.5,2.5,Very Low
AC,400,1973,6,AC,4.5,3.5,High
ST,750,1953,6,ST,3.0,4.0,Moderate
ST,100,1959,6,ST,3.0,1.5,Low
CON,450,1964,6,CON,3.0,3.5,Moderate
ST,250,2008,6,ST,2.5,2.5,Low
CON,600,2002,6,CON,2.5,4.0,Moderate
CON,1200,2010,6,CON,2.5,5.0,High
ST,300,2014,6,ST,2.5,2.5,Low
PE,125,1988,6,PE,1.5,1.5,Very Low
DI,400,1966,6,DI,3.0,3.5,Moderate
ST,750,1971,6,ST,3.0,4.0,Moderate
PVC,100,2020,6,PVC,1.5,1.5,Very Low
PE,150,2009,5,PE,1.5,1.5,Very Low
PVCG,400,1998,5,PVC,1.5,3.5,Low
ST,300,1956,5,ST,3.0,2.5,Low
DI,200,1964,5,DI,3.0,2.5,Low
PE,125,1982,5,PE,2.0,1.5,Very Low
CI,100,1964,5,CI,4.5,1.5,Low
ST,100,1964,5,ST,3.0,1.5,Low
ST,150,2019,5,ST,2.5,1.5,Very Low
CU,50,2000,5,CU,2.0,1.5,Very Low
CI,150,2008,5,CI,3.5,1.5,Low
ST,1050,1984,5,ST,2.5,5.0,High
CON,900,1996,5,CON,2.5,4.0,Moderate
ECI,200,1961,5,CI,4.5,2.5,Moderate
PCI,150,1965,5,DI,3.0,1.5,Low
CON,750,1969,5,CON,3.0,4.0,Moderate
PVCG,400,1993,5,PVC,1.5,3.5,Low
PDI,100,1975,5,DI,3.0,1.5,Low
YUDI,250,1978,5,DI,2.5,2.5,Low
PE,50,2000,5,PE,1.5,1.5,Very Low
PVCG,400,1997,5,PVC,1.5,3.5,Low
CON,750,2007,5,CON,2.5,4.0,Moderate
CON,750,1960,5,CON,3.0,4.0,Moderate
CI,150,1932,5,CI,5.0,1.5,Low
CON,1350,1974,5,CON,4.5,5.0,Very High
ST,200,1994,5,ST,2.5,2.5,Low
YDI,400,1994,5,DI,2.5,3.5,Moderate
ST,600,1978,5,ST,2.5,4.0,Moderate
CON,900,1999,5,CON,2.5,4.0,Moderate
ECI,200,1963,5,CI,4.5,2.5,Moderate
CU,40,1980,5,CU,2.0,1.5,Very Low
PE,150,1994,5,PE,1.5,1.5,Very Low
YDI,250,2002,5,DI,2.5,2.5,Low
CI,100,1960,5,CI,4.5,1.5,Low
PVCG,250,2001,5,PVC,1.5,2.5,Very Low
DI,400,1965,5,DI,3.0,3.5,Moderate
ST,600,2015,5,ST,2.5,4.0,Moderate
CON,600,1955,5,CON,3.0,4.0,Moderate
DI,150,1974,5,DI,3.0,1.5,Low
PDI,150,1966,5,DI,3.0,1.5,Low
CU,50,1967,5,CU,2.5,1.5,Very Low
ST,100,1980,5,ST,2.5,1.5,Very Low
YUDI,300,1980,5,DI,2.5,2.5,Low
CU,40,1962,5,CU,2.5,1.5,Very Low
CIPP,200,2020,5,CIPP,1.5,2.5,Very Low
PE,200,2011,5,PE,1.5,2.5,Very Low
CON,1200,2009,5,CON,2.5,5.0,High
ST,900,2013,5,ST,2.5,4.0,Moderate
ST,500,1975,5,ST,3.0,3.5,Moderate
PE,50,2019,5,PE,1.5,1.5,Very Low
CU,40,1982,5,CU,2.0,1.5,Very Low
PE,250,2002,5,PE,1.5,2.5,Very Low
ST,250,2019,5,ST,2.5,2.5,Low
ST,750,1981,5,ST,2.5,4.0,Moderate
AC,200,1960,5,AC,4.5,2.5,Moderate
YDI,250,1992,5,DI,2.5,2.5,Low
CI,200,1947,5,CI,4.5,2.5,Moderate
ST,100,1960,5,ST,3.0,1.5,Low
PE,200,2012,5,PE,1.5,2.5,Very Low
CON,1500,1974,5,CON,4.5,5.0,Very High
ST,200,1991,5,ST,2.5,2.5,Low
CON,1200,2005,5,CON,2.5,5.0,High
ST,1200,2002,5,ST,2.5,5.0,High
CON,750,2003,5,CON,2.5,4.0,Moderate
CU,50,1966,5,CU,2.5,1.5,Very Low
CON,750,1967,5,CON,3.0,4.0,Moderate
CON,1350,1978,5,CON,4.5,5.0,Very High
ST,150,1976,5,ST,2.5,1.5,Very Low
ST,300,1973,5,ST,3.0,2.5,Low
ST,500,1981,5,ST,2.5,3.5,Moderate
ST,200,2007,5,ST,2.5,2.5,Low
ST,200,2004,5,ST,2.5,2.5,Low
CU,50,1995,5,CU,2.0,1.5,Very Low
CON,600,1999,5,CON,2.5,4.0,Moderate
ST,150,2012,5,ST,2.5,1.5,Very Low
CON,1050,1994,5,CON,2.5,5.0,High
PVCG,300,1990,5,PVC,1.5,2.5,Very Low
ST,100,2014,5,ST,2.5,1.5,Very Low
PDI,100,1974,5,DI,3.0,1.5,Low
CON,750,2001,5,CON,2.5,4.0,Moderate
CI,100,1953,5,CI,4.5,1.5,Low
PDI,150,1978,5,DI,2.5,1.5,Very Low
ST,300,1960,5,ST,3.0,2.5,Low
PCI,250,1964,5,DI,3.0,2.5,Low
ST,150,2021,5,ST,2.5,1.5,Very Low
BDI,250,2018,5,DI,2.5,2.5,Low
BDI,250,2017,5,DI,2.5,2.5,Low
ST,900,2022,5,ST,2.5,4.0,Moderate
ST,1200,2022,5,ST,2.5,5.0,High
DI,400,1975,5,DI,3.0,3.5,Moderate
PE,150,2022,5,PE,1.5,1.5,Very Low
CU,40,1990,4,CU,2.0,1.5,Very Low
UNK,150,2003,4,OTHER,3.0,1.5,Low
CU,50,1997,4,CU,2.0,1.5,Very Low
CI,300,1911,4,CI,5.0,2.5,High
CON,750,1973,4,CON,4.5,4.0,Very High
YST,300,1977,4,ST,2.5,2.5,Low
ST,100,1981,4,ST,2.5,1.5,Very Low
DI,150,1976,4,DI,2.5,1.5,Very Low
ST,900,1968,4,ST,3.0,4.0,Moderate
PE,125,1987,4,PE,1.5,1.5,Very Low
YST,300,1984,4,ST,2.5,2.5,Low
TWD,150,1976,4,OTHER,3.0,1.5,Low
YUDI,250,1980,4,DI,2.5,2.5,Low
ST,300,1972,4,ST,3.0,2.5,Low
CON,500,1981,4,CON,2.5,3.5,Moderate
CI,100,1930,4,CI,5.0,1.5,Low
PDI,150,1976,4,DI,2.5,1.5,Very Low
ST,250,1986,4,ST,2.5,2.5,Low
YST,250,1985,4,ST,2.5,2.5,Low
PVCG,400,1995,4,PVC,1.5,3.5,Low
CON,400,1972,4,CON,4.5,3.5,High
YDI,250,1988,4,DI,2.5,2.5,Low
ST,150,1995,4,ST,2.5,1.5,Very Low
PRIM,300,2021,4,DI,2.5,2.5,Low
DI,400,1969,4,DI,3.0,3.5,Moderate
PVC,250,1977,4,PVC,2.0,2.5,Low
PE,150,1991,4,PE,1.5,1.5,Very Low
ST,300,1965,4,ST,3.0,2.5,Low
CON,900,1994,4,CON,2.5,4.0,Moderate
PE,200,1996,4,PE,1.5,2.5,Very Low
CI,200,1946,4,CI,4.5,2.5,Moderate
YDI,250,2001,4,DI,2.5,2.5,Low
CON,900,1984,4,CON,2.5,4.0,Moderate
PE,125,1981,4,PE,2.0,1.5,Very Low
PVCG,400,1999,4,PVC,1.5,3.5,Low
YDI,150,2001,4,DI,2.5,1.5,Very Low
TUDI,100,1976,4,DI,2.5,1.5,Very Low
YST,300,1972,4,ST,3.0,2.5,Low
PE,150,1986,4,PE,1.5,1.5,Very Low
CI,150,1968,4,CI,4.5,1.5,Low
PE,125,2002,4,PE,1.5,1.5,Very Low
YDI,300,1996,4,DI,2.5,2.5,Low
CON,900,1988,4,CON,2.5,4.0,Moderate
PE,50,2002,4,PE,1.5,1.5,Very Low
YDI,150,1989,4,DI,2.5,1.5,Very Low
CI,250,1931,4,CI,5.0,2.5,High
ST,300,1988,4,ST,2.5,2.5,Low
CON,600,1997,4,CON,2.5,4.0,Moderate
ST,600,1977,4,ST,2.5,4.0,Moderate
ST,750,1967,4,ST,3.0,4.0,Moderate
PDI,400,1969,4,DI,3.0,3.5,Moderate
CU,25,1959,4,CU,2.5,1.5,Very Low
PVCG,250,1989,4,PVC,1.5,2.5,Very Low
CU,25,1949,4,CU,2.5,1.5,Very Low
YUDI,250,1979,4,DI,2.5,2.5,Low
CI,150,1940,4,CI,5.0,1.5,Low
CU,50,1956,4,CU,2.5,1.5,Very Low
YDI,250,1998,4,DI,2.5,2.5,Low
YDI,250,1984,4,DI,2.5,2.5,Low
DI,100,1976,4,DI,2.5,1.5,Very Low
PVCG,300,1991,4,PVC,1.5,2.5,Very Low
YDI,400,1987,4,DI,2.5,3.5,Moderate
ST,150,2007,4,ST,2.5,1.5,Very Low
PE,50,2018,4,PE,1.5,1.5,Very Low
ST,150,2018,4,ST,2.5,1.5,Very Low
PDI,300,1982,4,DI,2.5,2.5,Low
CU,40,1981,4,CU,2.0,1.5,Very Low
ST,1500,2017,4,ST,2.5,5.0,High
ST,1650,2017,4,ST,2.5,5.0,High
ST,100,1972,4,ST,3.0,1.5,Low
ST,200,2017,4,ST,2.5,2.5,Low
ST,400,2019,4,ST,2.5,3.5,Moderate
CON,1050,1982,4,CON,2.5,5.0,High
PDI,300,1977,4,DI,2.5,2.5,Low
CU,25,1961,4,CU,2.5,1.5,Very Low
CI,150,1942,4,CI,5.0,1.5,Low
ST,100,1977,4,ST,2.5,1.5,Very Low
ST,100,1979,4,ST,2.5,1.5,Very Low
CU,25,1974,4,CU,2.5,1.5,Very Low
ST,600,2007,4,ST,2.5,4.0,Moderate
CON,600,1971,4,CON,4.5,4.0,Very High
ST,300,2000,4,ST,2.5,2.5,Low
ST,75,1972,4,ST,3.0,1.5,Low
YST,300,1981,4,ST,2.5,2.5,Low
YDI,400,1975,4,DI,3.0,3.5,Moderate
ST,250,1987,4,ST,2.5,2.5,Low
CU,25,1953,4,CU,2.5,1.5,Very Low
CI,100,1963,4,CI,4.5,1.5,Low
CI,150,1938,4,CI,5.0,1.5,Low
PVC,350,2003,4,PVC,1.5,3.5,Low
ST,450,1952,4,ST,3.0,3.5,Moderate
ST,100,1954,4,ST,3.0,1.5,Low
ST,100,1967,4,ST,3.0,1.5,Low
CON,900,1963,4,CON,3.0,4.0,Moderate
CON,750,1994,4,CON,2.5,4.0,Moderate
PE,125,2000,4,PE,1.5,1.5,Very Low
CON,1350,1993,4,CON,2.5,5.0,High
PVCG,200,2003,4,PVC,1.5,2.5,Very Low
ST,100,1965,4,ST,3.0,1.5,Low
ST,100,1963,4,ST,3.0,1.5,Low
ST,600,2014,4,ST,2.5,4.0,Moderate
ST,150,1959,4,ST,3.0,1.5,Low
PVC,750,2006,4,PVC,1.5,4.0,Low
CON,1200,2007,4,CON,2.5,5.0,High
ST,100,1992,4,ST,2.5,1.5,Very Low
ST,1050,2002,4,ST,2.5,5.0,High
ST,600,1971,4,ST,3.0,4.0,Moderate
ST,900,1972,4,ST,3.0,4.0,Moderate
ST,300,2011,4,ST,2.5,2.5,Low
ST,300,2004,4,ST,2.5,2.5,Low
CU,50,1987,4,CU,2.0,1.5,Very Low
PVC,600,2012,4,PVC,1.5,3.5,Low
ST,300,2007,4,ST,2.5,2.5,Low
ST,750,2013,4,ST,2.5,4.0,Moderate
CON,750,1975,4,CON,5.0,4.0,Very High
CI,150,2006,4,CI,3.5,1.5,Low
ST,250,2011,4,ST,2.5,2.5,Low
CON,500,1969,4,CON,3.0,3.5,Moderate
DI,400,1971,4,DI,3.0,3.5,Moderate
ST,600,2006,4,ST,2.5,4.0,Moderate
ST,250,1959,4,ST,3.0,2.5,Low
DI,200,1974,4,DI,3.0,2.5,Low
PVC,900,2012,4,PVC,1.5,4.0,Low
DI,100,1971,4,DI,3.0,1.5,Low
PE,150,1990,4,PE,1.5,1.5,Very Low
DI,400,1967,4,DI,3.0,3.5,Moderate
CI,600,1954,4,CI,4.5,3.5,High
AC,350,1960,4,AC,4.5,3.5,High
CI,100,1944,4,CI,5.0,1.5,Low
PE,300,2002,4,PE,1.5,2.5,Very Low
ST,1200,1975,4,ST,3.0,5.0,High
CON,750,1966,4,CON,3.0,4.0,Moderate
CU,50,2021,4,CU,2.0,1.5,Very Low
UNK,150,1982,4,OTHER,3.0,1.5,Low
BDI,300,2018,4,DI,2.5,2.5,Low
BDI,150,2018,4,DI,2.5,1.5,Very Low
ST,1500,2022,4,ST,2.5,5.0,High
ST,900,2011,4,ST,2.5,4.0,Moderate
ST,150,2023,4,ST,2.5,1.5,Very Low
PVC,200,2024,4,PVC,1.5,2.5,Very Low
DI,400,2020,4,DI,2.5,3.5,Moderate
CU,50,1959,3,CU,2.5,1.5,Very Low
ST,900,1930,3,ST,3.5,4.0,High
ST,1200,1965,3,ST,3.0,5.0,High
PVC,750,2008,3,PVC,1.5,4.0,Low
YDI,150,1997,3,DI,2.5,1.5,Very Low
UNK,150,2002,3,OTHER,3.0,1.5,Low
CU,50,1988,3,CU,2.0,1.5,Very Low
ST,1050,1980,3,ST,2.5,5.0,High
ST,300,2002,3,ST,2.5,2.5,Low
YDI,200,2001,3,DI,2.5,2.5,Low
CON,900,1990,3,CON,2.5,4.0,Moderate
ST,1200,1976,3,ST,2.5,5.0,High
CI,50,1910,3,CI,5.0,1.5,Low
PE,125,1992,3,PE,1.5,1.5,Very Low
YDI,200,1994,3,DI,2.5,2.5,Low
PDI,150,1977,3,DI,2.5,1.5,Very Low
CU,40,1972,3,CU,2.5,1.5,Very Low
ST,150,1930,3,ST,3.5,1.5,Low
ST,250,1999,3,ST,2.5,2.5,Low
PVCG,400,2002,3,PVC,1.5,3.5,Low
PVCG,300,1997,3,PVC,1.5,2.5,Very Low
CI,300,1943,3,CI,5.0,2.5,High
TUDI,200,1976,3,DI,2.5,2.5,Low
CU,50,1992,3,CU,2.0,1.5,Very Low
YDI,300,1985,3,DI,2.5,2.5,Low
CU,25,1910,3,CU,2.5,1.5,Very Low
PVC,300,1976,3,PVC,2.0,2.5,Low
PE,125,2003,3,PE,1.5,1.5,Very Low
PVCG,100,2000,3,PVC,1.5,1.5,Very Low
PE,150,1998,3,PE,1.5,1.5,Very Low
YDI,300,1975,3,DI,3.0,2.5,Low
PVC,250,1979,3,PVC,2.0,2.5,Low
ST,300,1966,3,ST,3.0,2.5,Low
CI,100,1966,3,CI,4.5,1.5,Low
YST,250,1982,3,ST,2.5,2.5,Low
PDI,300,1964,3,DI,3.0,2.5,Low
CU,40,1992,3,CU,2.0,1.5,Very Low
CON,750,1991,3,CON,2.5,4.0,Moderate
CU,40,1961,3,CU,2.5,1.5,Very Low
CI,400,1958,3,CI,4.5,3.5,High
CON,900,1983,3,CON,2.5,4.0,Moderate
CI,150,1919,3,CI,5.0,1.5,Low
YDI,200,2000,3,DI,2.5,2.5,Low
CON,600,1977,3,CON,4.5,4.0,Very High
YDI,100,1980,3,DI,2.5,1.5,Very Low
PE,300,1999,3,PE,1.5,2.5,Very Low
ST,1050,1973,3,ST,3.0,5.0,High
CU,25,1964,3,CU,2.5,1.5,Very Low
CON,1050,1978,3,CON,4.5,5.0,Very High
CON,1200,1994,3,CON,2.5,5.0,High
CU,40,1973,3,CU,2.5,1.5,Very Low
CU,25,1954,3,CU,2.5,1.5,Very Low
CU,25,1942,3,CU,2.5,1.5,Very Low
ECI,300,1963,3,CI,4.5,2.5,Moderate
CU,40,1963,3,CU,2.5,1.5,Very Low
CI,350,1951,3,CI,4.5,3.5,High
CI,100,1912,3,CI,5.0,1.5,Low
DI,250,1976,3,DI,2.5,2.5,Low
PDI,200,1977,3,DI,2.5,2.5,Low
CI,400,1950,3,CI,4.5,3.5,High
CON,500,1973,3,CON,4.5,3.5,High
CU,25,1987,3,CU,2.0,1.5,Very Low
CU,50,1974,3,CU,2.5,1.5,Very Low
DI,500,1968,3,DI,3.0,3.5,Moderate
ST,1050,1974,3,ST,3.0,5.0,High
PE,125,1994,3,PE,1.5,1.5,Very Low
ST,200,1989,3,ST,2.5,2.5,Low
YST,250,1978,3,ST,2.5,2.5,Low
CI,100,1947,3,CI,4.5,1.5,Low
PE,125,2006,3,PE,1.5,1.5,Very Low
ST,400,1959,3,ST,3.0,3.5,Moderate
PE,450,2011,3,PE,1.5,3.5,Low
ST,200,2013,3,ST,2.5,2.5,Low
CI,150,2004,3,CI,4.0,1.5,Low
AC,400,1955,3,AC,4.5,3.5,High
ST,150,2005,3,ST,2.5,1.5,Very Low
PVC,200,1961,3,PVC,2.0,2.5,Low
PVC,250,1961,3,PVC,2.0,2.5,Low
ST,100,2018,3,ST,2.5,1.5,Very Low
ST,250,2018,3,ST,2.5,2.5,Low
ST,1200,2017,3,ST,2.5,5.0,High
ST,100,1900,3,ST,3.5,1.5,Low
ST,150,2011,3,ST,2.5,1.5,Very Low
CI,150,2012,3,CI,3.5,1.5,Low
PVC,500,2016,3,PVC,1.5,3.5,Low
PE,0,2012,3,PE,1.5,1.5,Very Low
CI,400,1951,3,CI,4.5,3.5,High
CON,1200,1995,3,CON,2.5,5.0,High
CI,500,1950,3,CI,4.5,3.5,High
ST,750,1980,3,ST,2.5,4.0,Moderate
YDI,150,1996,3,DI,2.5,1.5,Very Low
YUDI,300,1981,3,DI,2.5,2.5,Low
CON,1050,1977,3,CON,4.5,5.0,Very High
PVCG,300,1993,3,PVC,1.5,2.5,Very Low
DI,500,2002,3,DI,2.5,3.5,Moderate
ST,250,1974,3,ST,3.0,2.5,Low
YDI,300,1995,3,DI,2.5,2.5,Low
ECI,250,1967,3,CI,4.5,2.5,Moderate
ST,150,1996,3,ST,2.5,1.5,Very Low
CI,100,1965,3,CI,4.5,1.5,Low
CI,450,1948,3,CI,4.5,3.5,High
ST,0,1964,3,ST,3.0,1.5,Low
ST,750,2002,3,ST,2.5,4.0,Moderate
ST,900,2001,3,ST,2.5,4.0,Moderate
ST,150,1990,3,ST,2.5,1.5,Very Low
YST,400,1979,3,ST,2.5,3.5,Moderate
YDI,300,1994,3,DI,2.5,2.5,Low
DI,150,1979,3,DI,2.5,1.5,Very Low
CU,40,1958,3,CU,2.5,1.5,Very Low
CON,900,2006,3,CON,2.5,4.0,Moderate
ST,250,1994,3,ST,2.5,2.5,Low
PE,250,2005,3,PE,1.5,2.5,Very Low
PE,350,2005,3,PE,1.5,3.5,Low
ST,150,1981,3,ST,2.5,1.5,Very Low
ST,150,1973,3,ST,3.0,1.5,Low
CON,400,1978,3,CON,4.5,3.5,High
PE,450,2002,3,PE,1.5,3.5,Low
ST,400,1975,3,ST,3.0,3.5,Moderate
ST,200,2008,3,ST,2.5,2.5,Low
ST,250,2012,3,ST,2.5,2.5,Low
PVCG,250,2006,3,PVC,1.5,2.5,Very Low
ST,150,2002,3,ST,2.5,1.5,Very Low
ST,750,1964,3,ST,3.0,4.0,Moderate
ST,400,1976,3,ST,2.5,3.5,Moderate
DI,100,1968,3,DI,3.0,1.5,Low
CU,25,1956,3,CU,2.5,1.5,Very Low
CON,750,2009,3,CON,2.5,4.0,Moderate
PE,400,2012,3,PE,1.5,3.5,Low
CU,40,1979,3,CU,2.0,1.5,Very Low
CU,40,2003,3,CU,2.0,1.5,Very Low
CU,40,2004,3,CU,2.0,1.5,Very Low
CU,20,1972,3,CU,2.5,1.5,Very Low
YST,750,1985,3,ST,2.5,4.0,Moderate
ST,150,2010,3,ST,2.5,1.5,Very Low
CON,150,2010,3,CON,2.5,1.5,Very Low
CON,600,1980,3,CON,4.0,4.0,High
ST,150,2006,3,ST,2.5,1.5,Very Low
CON,1350,2007,3,CON,2.5,5.0,High
ST,250,2006,3,ST,2.5,2.5,Low
ST,750,1982,3,ST,2.5,4.0,Moderate
DI,100,1969,3,DI,3.0,1.5,Low
PDI,400,1977,3,DI,2.5,3.5,Moderate
ST,250,1971,3,ST,3.0,2.5,Low
ST,400,1983,3,ST,2.5,3.5,Moderate
PE,125,1999,3,PE,1.5,1.5,Very Low
DI,150,1973,3,DI,3.0,1.5,Low
PE,250,2001,3,PE,1.5,2.5,Very Low
AC,250,1957,3,AC,4.5,2.5,Moderate
AC,300,1978,3,AC,4.0,2.5,Moderate
YDI,250,1985,3,DI,2.5,2.5,Low
ECI,300,1966,3,CI,4.5,2.5,Moderate
CU,40,1986,3,CU,2.0,1.5,Very Low
YDI,300,1986,3,DI,2.5,2.5,Low
PCI,300,1966,3,DI,3.0,2.5,Low
CU,40,1970,3,CU,2.5,1.5,Very Low
CI,400,1948,3,CI,4.5,3.5,High
YST,400,1984,3,ST,2.5,3.5,Moderate
DI,400,1963,3,DI,3.0,3.5,Moderate
TUDI,250,1977,3,DI,2.5,2.5,Low
CI,450,1961,3,CI,4.5,3.5,High
CU,20,1910,3,CU,2.5,1.5,Very Low
UNK,150,2021,3,OTHER,3.0,1.5,Low
ST,300,2020,3,ST,2.5,2.5,Low
UNK,150,2006,3,OTHER,3.0,1.5,Low
CU,50,2017,3,CU,2.0,1.5,Very Low
YDI,150,2008,3,DI,2.5,1.5,Very Low
PE,150,2023,3,PE,1.5,1.5,Very Low
ST,400,1980,3,ST,2.5,3.5,Moderate
ST,200,2023,3,ST,2.5,2.5,Low
PVC,250,2024,3,PVC,1.5,2.5,Very Low
CI,250,1977,3,CI,4.0,2.5,Moderate
YDI,200,2021,3,DI,2.5,2.5,Low
PE,50,2024,3,PE,1.5,1.5,Very Low
CIPP,300,2020,2,CIPP,1.5,2.5,Very Low
ST,300,1980,2,ST,2.5,2.5,Low
CON,900,2002,2,CON,2.5,4.0,Moderate
PE,300,1995,2,PE,1.5,2.5,Very Low
PVC,500,1989,2,PVC,1.5,3.5,Low
CU,25,1975,2,CU,2.5,1.5,Very Low
CU,50,2003,2,CU,2.0,1.5,Very Low
UNK,150,2018,2,OTHER,3.0,1.5,Low
ST,200,2019,2,ST,2.5,2.5,Low
ST,750,2017,2,ST,2.5,4.0,Moderate
YDI,150,1998,2,DI,2.5,1.5,Very Low
CON,400,2021,2,CON,2.5,3.5,Moderate
CU,50,1990,2,CU,2.0,1.5,Very Low
CU,40,1993,2,CU,2.0,1.5,Very Low
CU,50,2006,2,CU,2.0,1.5,Very Low
CU,50,1957,2,CU,2.5,1.5,Very Low
CI,100,1970,2,CI,4.5,1.5,Low
UNK,150,1996,2,OTHER,3.0,1.5,Low
CU,50,1985,2,CU,2.0,1.5,Very Low
PE,40,1999,2,PE,1.5,1.5,Very Low
CU,25,1992,2,CU,2.0,1.5,Very Low
ST,1050,2019,2,ST,2.5,5.0,High
CON,900,1997,2,CON,2.5,4.0,Moderate
PVCG,400,2005,2,PVC,1.5,3.5,Low
YST,300,1983,2,ST,2.5,2.5,Low
CON,600,1969,2,CON,3.0,4.0,Moderate
YDI,300,1987,2,DI,2.5,2.5,Low
ST,300,1962,2,ST,3.0,2.5,Low
CI,150,1913,2,CI,5.0,1.5,Low
PE,300,2017,2,PE,1.5,2.5,Very Low
CU,25,1972,2,CU,2.5,1.5,Very Low
YST,300,1980,2,ST,2.5,2.5,Low
ECI,200,1967,2,CI,4.5,2.5,Moderate
CU,50,1976,2,CU,2.0,1.5,Very Low
PDI,100,1970,2,DI,3.0,1.5,Low
CU,40,1965,2,CU,2.5,1.5,Very Low
CU,50,1986,2,CU,2.0,1.5,Very Low
PE,125,1977,2,PE,2.0,1.5,Very Low
PE,50,1997,2,PE,1.5,1.5,Very Low
CU,20,1952,2,CU,2.5,1.5,Very Low
TUDI,100,1979,2,DI,2.5,1.5,Very Low
YDI,150,1991,2,DI,2.5,1.5,Very Low
CU,50,1975,2,CU,2.5,1.5,Very Low
PE,500,2003,2,PE,1.5,3.5,Low
CON,1500,1994,2,CON,2.5,5.0,High
PVC,500,1994,2,PVC,1.5,3.5,Low
CON,600,1991,2,CON,2.5,4.0,Moderate
PVC,250,1976,2,PVC,2.0,2.5,Low
PE,350,2001,2,PE,1.5,3.5,Low
ST,400,1979,2,ST,2.5,3.5,Moderate
PE,400,2001,2,PE,1.5,3.5,Low
CON,750,1962,2,CON,3.0,4.0,Moderate
CU,20,1959,2,CU,2.5,1.5,Very Low
PVC,900,1999,2,PVC,1.5,4.0,Low
CU,25,1976,2,CU,2.0,1.5,Very Low
YDI,200,2003,2,DI,2.5,2.5,Low
ECI,250,1961,2,CI,4.5,2.5,Moderate
CU,50,1968,2,CU,2.5,1.5,Very Low
ST,400,1960,2,ST,3.0,3.5,Moderate
CU,40,1968,2,CU,2.5,1.5,Very Low
CU,50,2002,2,CU,2.0,1.5,Very Low
CI,100,1945,2,CI,5.0,1.5,Low
PCI,150,1964,2,DI,3.0,1.5,Low
ST,300,1994,2,ST,2.5,2.5,Low
ST,900,1961,2,ST,3.0,4.0,Moderate
ST,600,2017,2,ST,2.5,4.0,Moderate
AC,400,2014,2,AC,3.5,3.5,High
PE,150,1996,2,PE,1.5,1.5,Very Low
CI,100,1926,2,CI,5.0,1.5,Low
CON,1050,1979,2,CON,4.0,5.0,Very High
CON,750,1987,2,CON,2.5,4.0,Moderate
ST,900,1976,2,ST,2.5,4.0,Moderate
PVC,100,1985,2,PVC,2.0,1.5,Very Low
ST,400,2001,2,ST,2.5,3.5,Moderate
ST,150,1972,2,ST,3.0,1.5,Low
PE,250,1994,2,PE,1.5,2.5,Very Low
YST,250,1991,2,ST,2.5,2.5,Low
PE,200,1989,2,PE,1.5,2.5,Very Low
PE,200,1991,2,PE,1.5,2.5,Very Low
CI,250,1929,2,CI,5.0,2.5,High
CI,100,1949,2,CI,4.5,1.5,Low
PE,125,1976,2,PE,2.0,1.5,Very Low
ST,600,1976,2,ST,2.5,4.0,Moderate
ST,600,1956,2,ST,3.0,4.0,Moderate
ST,200,1962,2,ST,3.0,2.5,Low
PVCG,150,1985,2,PVC,2.0,1.5,Very Low
DI,150,1978,2,DI,2.5,1.5,Very Low
CI,200,1942,2,CI,5.0,2.5,High
DI,400,2019,2,DI,2.5,3.5,Moderate
CU,50,1984,2,CU,2.0,1.5,Very Low
CU,50,1963,2,CU,2.5,1.5,Very Low
CI,250,1945,2,CI,5.0,2.5,High
CON,750,1996,2,CON,2.5,4.0,Moderate
CON,750,1997,2,CON,2.5,4.0,Moderate
PE,250,1998,2,PE,1.5,2.5,Very Low
CI,150,1920,2,CI,5.0,1.5,Low
ST,250,1980,2,ST,2.5,2.5,Low
YST,200,1980,2,ST,2.5,2.5,Low
CI,150,2018,2,CI,3.5,1.5,Low
DI,200,1973,2,DI,3.0,2.5,Low
CU,40,1957,2,CU,2.5,1.5,Very Low
CON,1050,1956,2,CON,3.0,5.0,High
PE,75,1998,2,PE,1.5,1.5,Very Low
CU,50,1969,2,CU,2.5,1.5,Very Low
PRIM,200,2017,2,DI,2.5,2.5,Low
ST,250,1967,2,ST,3.0,2.5,Low
CON,500,1994,2,CON,2.5,3.5,Moderate
DI,150,1964,2,DI,3.0,1.5,Low
ST,750,2015,2,ST,2.5,4.0,Moderate
ST,350,2000,2,ST,2.5,3.5,Moderate
ST,200,1976,2,ST,2.5,2.5,Low
PVC,150,1910,2,PVC,2.0,1.5,Very Low
UNK,150,1974,2,OTHER,3.5,1.5,Low
ST,100,2005,2,ST,2.5,1.5,Very Low
UNK,250,1961,2,OTHER,3.5,2.5,Moderate
UNK,150,1985,2,OTHER,3.0,1.5,Low
UNK,150,1961,2,OTHER,3.5,1.5,Low
ST,1200,2014,2,ST,2.5,5.0,High
CU,40,1994,2,CU,2.0,1.5,Very Low
PRIM,250,2017,2,DI,2.5,2.5,Low
PDI,150,2008,2,DI,2.5,1.5,Very Low
ST,100,1999,2,ST,2.5,1.5,Very Low
PE,50,2016,2,PE,1.5,1.5,Very Low
PDI,300,2018,2,DI,2.5,2.5,Low
ST,200,2016,2,ST,2.5,2.5,Low
ST,50,2016,2,ST,2.5,1.5,Very Low
CON,1650,2017,2,CON,2.5,5.0,High
UNK,150,2005,2,OTHER,3.0,1.5,Low
CI,500,1962,2,CI,4.5,3.5,High
ST,900,2019,2,ST,2.5,4.0,Moderate
ST,100,2019,2,ST,2.5,1.5,Very Low
PE,150,2018,2,PE,1.5,1.5,Very Low
ST,75,2015,2,ST,2.5,1.5,Very Low
UNK,150,2000,2,OTHER,3.0,1.5,Low
YST,250,1977,2,ST,2.5,2.5,Low
PE,50,2013,2,PE,1.5,1.5,Very Low
ST,100,2011,2,ST,2.5,1.5,Very Low
CI,500,1959,2,CI,4.5,3.5,High
CU,40,1910,2,CU,2.5,1.5,Very Low
CI,400,1959,2,CI,4.5,3.5,High
CON,1200,1980,2,CON,4.0,5.0,Very High
ST,750,1968,2,ST,3.0,4.0,Moderate
CU,40,1991,2,CU,2.0,1.5,Very Low
YDI,150,1987,2,DI,2.5,1.5,Very Low
UNK,150,1999,2,OTHER,3.0,1.5,Low
ST,300,1996,2,ST,2.5,2.5,Low
CI,100,1928,2,CI,5.0,1.5,Low
PE,150,1993,2,PE,1.5,1.5,Very Low
ST,900,1973,2,ST,3.0,4.0,Moderate
CI,100,1932,2,CI,5.0,1.5,Low
PVCG,300,2003,2,PVC,1.5,2.5,Very Low
YDI,250,1996,2,DI,2.5,2.5,Low
CON,1650,1975,2,CON,5.0,5.0,Very High
ST,100,2001,2,ST,2.5,1.5,Very Low
ST,100,1957,2,ST,3.0,1.5,Low
ST,100,1988,2,ST,2.5,1.5,Very Low
ST,100,1976,2,ST,2.5,1.5,Very Low
ST,150,1971,2,ST,3.0,1.5,Low
ST,50,1976,2,ST,2.5,1.5,Very Low
ST,100,1991,2,ST,2.5,1.5,Very Low
ST,100,1974,2,ST,3.0,1.5,Low
PDI,200,1967,2,DI,3.0,2.5,Low
CON,600,1981,2,CON,2.5,4.0,Moderate
ST,900,1971,2,ST,3.0,4.0,Moderate
PE,300,2005,2,PE,1.5,2.5,Very Low
AC,250,1971,2,AC,4.5,2.5,Moderate
CI,100,1911,2,CI,5.0,1.5,Low
YDI,200,1973,2,DI,3.0,2.5,Low
ST,300,1931,2,ST,3.5,2.5,Moderate
ST,900,1988,2,ST,2.5,4.0,Moderate
ST,250,1995,2,ST,2.5,2.5,Low
CI,450,1964,2,CI,4.5,3.5,High
CU,25,1960,2,CU,2.5,1.5,Very Low
YDI,100,1976,2,DI,2.5,1.5,Very Low
CI,100,1951,2,CI,4.5,1.5,Low
ST,750,1966,2,ST,3.0,4.0,Moderate
ST,75,1957,2,ST,3.0,1.5,Low
ST,100,1953,2,ST,3.0,1.5,Low
CON,750,2000,2,CON,2.5,4.0,Moderate
ST,100,1973,2,ST,3.0,1.5,Low
ST,100,1956,2,ST,3.0,1.5,Low
PVCG,250,2005,2,PVC,1.5,2.5,Very Low
CON,500,1975,2,CON,5.0,3.5,Very High
ST,0,1960,2,ST,3.0,1.5,Low
PVCG,200,2005,2,PVC,1.5,2.5,Very Low
ST,100,1961,2,ST,3.0,1.5,Low
CON,1200,2015,2,CON,2.5,5.0,High
CON,1500,2002,2,CON,2.5,5.0,High
PE,500,2005,2,PE,1.5,3.5,Low
PE,450,2007,2,PE,1.5,3.5,Low
CON,900,2007,2,CON,2.5,4.0,Moderate
CU,25,1980,2,CU,2.0,1.5,Very Low
PE,300,2012,2,PE,1.5,2.5,Very Low
ST,100,2012,2,ST,2.5,1.5,Very Low
CI,200,1931,2,CI,5.0,2.5,High
ST,750,2008,2,ST,2.5,4.0,Moderate
PE,150,2012,2,PE,1.5,1.5,Very Low
PVC,500,2007,2,PVC,1.5,3.5,Low
YST,500,1976,2,ST,2.5,3.5,Moderate
ST,150,2008,2,ST,2.5,1.5,Very Low
ST,100,2008,2,ST,2.5,1.5,Very Low
PE,50,2009,2,PE,1.5,1.5,Very Low
YDI,200,2010,2,DI,2.5,2.5,Low
YDI,150,2010,2,DI,2.5,1.5,Very Low
YDI,300,2002,2,DI,2.5,2.5,Low
ST,1200,1962,2,ST,3.0,5.0,High
PVC,450,2023,2,PVC,1.5,3.5,Low
AC,450,1957,2,AC,4.5,3.5,High
ST,400,1966,2,ST,3.0,3.5,Moderate
ST,250,1970,2,ST,3.0,2.5,Low
AC,200,1962,2,AC,4.5,2.5,Moderate
PE,600,2012,2,PE,1.5,3.5,Low
CON,750,1990,2,CON,2.5,4.0,Moderate
DI,400,1973,2,DI,3.0,3.5,Moderate
PE,150,2011,2,PE,1.5,1.5,Very Low
DI,300,1975,2,DI,3.0,2.5,Low
PDI,300,1966,2,DI,3.0,2.5,Low
PE,300,2013,2,PE,1.5,2.5,Very Low
UNK,50,1979,2,OTHER,3.0,1.5,Low
ST,200,1970,2,ST,3.0,2.5,Low
CON,900,2014,2,CON,2.5,4.0,Moderate
ST,1050,2015,2,ST,2.5,5.0,High
PDI,250,1964,2,DI,3.0,2.5,Low
CI,400,1923,2,CI,5.0,3.5,Very High
YDI,250,2006,2,DI,2.5,2.5,Low
ST,500,2015,2,ST,2.5,3.5,Moderate
DI,200,1975,2,DI,3.0,2.5,Low
CON,1200,1983,2,CON,2.5,5.0,High
ST,1066,2010,2,ST,2.5,5.0,High
PVCU,250,2015,2,PVC,1.5,2.5,Very Low
PE,125,1991,2,PE,1.5,1.5,Very Low
CI,150,2005,2,CI,4.0,1.5,Low
ST,250,1973,2,ST,3.0,2.5,Low
ST,1050,1996,2,ST,2.5,5.0,High
PE,250,1985,2,PE,2.0,2.5,Low
AC,400,1970,2,AC,4.5,3.5,High
ST,500,1960,2,ST,3.0,3.5,Moderate
CON,500,1961,2,CON,3.0,3.5,Moderate
CU,25,1991,2,CU,2.0,1.5,Very Low
ST,400,1971,2,ST,3.0,3.5,Moderate
CU,50,1981,2,CU,2.0,1.5,Very Low
ST,500,1962,2,ST,3.0,3.5,Moderate
CON,600,1976,2,CON,4.5,4.0,Very High
CON,1050,1998,2,CON,2.5,5.0,High
PVC,600,1994,2,PVC,1.5,3.5,Low
ST,150,1991,2,ST,2.5,1.5,Very Low
CU,25,1948,2,CU,2.5,1.5,Very Low
ST,1200,1973,2,ST,3.0,5.0,High
CI,150,1925,2,CI,5.0,1.5,Low
YST,400,1978,2,ST,2.5,3.5,Moderate
PE,200,1998,2,PE,1.5,2.5,Very Low
ECI,200,1966,2,CI,4.5,2.5,Moderate
ST,300,1979,2,ST,2.5,2.5,Low
ST,300,1970,2,ST,3.0,2.5,Low
CI,350,1953,2,CI,4.5,3.5,High
ST,400,1972,2,ST,3.0,3.5,Moderate
ST,900,2018,2,ST,2.5,4.0,Moderate
PVC,100,1989,2,PVC,1.5,1.5,Very Low
ST,1050,2003,2,ST,2.5,5.0,High
ST,750,1972,2,ST,3.0,4.0,Moderate
ST,500,1972,2,ST,3.0,3.5,Moderate
OTH,40,1910,2,OTHER,3.5,1.5,Low
YDI,150,1988,2,DI,2.5,1.5,Very Low
CI,100,1962,2,CI,4.5,1.5,Low
PDI,100,1968,2,DI,3.0,1.5,Low
CU,12,1910,2,CU,2.5,1.5,Very Low
CI,150,2022,2,CI,3.5,1.5,Low
UNK,150,2013,2,OTHER,3.0,1.5,Low
CI,150,1974,2,CI,4.5,1.5,Low
CU,50,2023,2,CU,2.0,1.5,Very Low
ST,200,2021,2,ST,2.5,2.5,Low
ST,750,2020,2,ST,2.5,4.0,Moderate
ECI,150,1966,2,CI,4.5,1.5,Low
CI,300,1919,2,CI,5.0,2.5,High
UNK,150,1977,2,OTHER,3.0,1.5,Low
UNK,150,2017,2,OTHER,3.0,1.5,Low
ST,500,2023,2,ST,2.5,3.5,Moderate
UNK,150,2007,2,OTHER,3.0,1.5,Low
CI,100,2008,2,CI,3.5,1.5,Low
CU,50,2019,2,CU,2.0,1.5,Very Low
BDI,400,2018,2,DI,2.5,3.5,Moderate
DI,150,1982,2,DI,2.5,1.5,Very Low
CON,400,1980,2,CON,4.0,3.5,High
BDI,150,2019,2,DI,2.5,1.5,Very Low
ST,1050,2022,2,ST,2.5,5.0,High
PE,150,2021,2,PE,1.5,1.5,Very Low
AC,450,1958,2,AC,4.5,3.5,High
CON,900,1971,2,CON,4.5,4.0,Very High
CU,25,2017,2,CU,2.0,1.5,Very Low
FPVC,900,2021,2,PVC,1.5,4.0,Low
UNK,150,1997,2,OTHER,3.0,1.5,Low
ST,750,2011,2,ST,2.5,4.0,Moderate
CON,750,1931,2,CON,3.5,4.0,High
UNK,150,2015,2,OTHER,3.0,1.5,Low
ST,100,2023,2,ST,2.5,1.5,Very Low
PVC,50,2023,2,PVC,1.5,1.5,Very Low
UNK,150,1980,2,OTHER,3.0,1.5,Low
CI,150,2007,2,CI,3.5,1.5,Low
CU,50,2022,2,CU,2.0,1.5,Very Low
CON,1500,1975,2,CON,5.0,5.0,Very High
CI,300,1928,2,CI,5.0,2.5,High
DI,300,1979,2,DI,2.5,2.5,Low
ST,900,2010,2,ST,2.5,4.0,Moderate
PVC,150,2024,2,PVC,1.5,1.5,Very Low
ST,150,1983,1,ST,2.5,1.5,Very Low
CU,50,1954,1,CU,2.5,1.5,Very Low
ST,1200,1974,1,ST,3.0,5.0,High
CU,20,1954,1,CU,2.5,1.5,Very Low
UNK,40,1994,1,OTHER,3.0,1.5,Low
UNK,100,2003,1,OTHER,3.0,1.5,Low
CU,50,1989,1,CU,2.0,1.5,Very Low
CU,25,1996,1,CU,2.0,1.5,Very Low
UNK,150,2010,1,OTHER,3.0,1.5,Low
CI,150,1992,1,CI,4.0,1.5,Low
CU,20,1956,1,CU,2.5,1.5,Very Low
PE,50,2001,1,PE,1.5,1.5,Very Low
DI,150,1999,1,DI,2.5,1.5,Very Low
YDI,150,1974,1,DI,3.0,1.5,Low
CU,150,2003,1,CU,2.0,1.5,Very Low
CU,40,1975,1,CU,2.5,1.5,Very Low
PE,400,1999,1,PE,1.5,3.5,Low
CON,1200,1998,1,CON,2.5,5.0,High
ST,250,1946,1,ST,3.0,2.5,Low
PE,125,1980,1,PE,2.0,1.5,Very Low
CON,600,1995,1,CON,2.5,4.0,Moderate
CU,16,1910,1,CU,2.5,1.5,Very Low
CI,250,1911,1,CI,5.0,2.5,High
ECI,150,1967,1,CI,4.5,1.5,Low
PVC,500,2000,1,PVC,1.5,3.5,Low
ST,1050,1988,1,ST,2.5,5.0,High
ST,200,1997,1,ST,2.5,2.5,Low
CU,40,1967,1,CU,2.5,1.5,Very Low
CU,25,1952,1,CU,2.5,1.5,Very Low
CU,40,1945,1,CU,2.5,1.5,Very Low
YST,250,1988,1,ST,2.5,2.5,Low
PE,300,1979,1,PE,2.0,2.5,Low
CU,40,1999,1,CU,2.0,1.5,Very Low
PE,250,1999,1,PE,1.5,2.5,Very Low
PE,50,2004,1,PE,1.5,1.5,Very Low
YDI,300,2003,1,DI,2.5,2.5,Low
CI,350,1963,1,CI,4.5,3.5,High
ST,150,1968,1,ST,3.0,1.5,Low
YDI,200,1998,1,DI,2.5,2.5,Low
CI,450,1953,1,CI,4.5,3.5,High
ST,250,1990,1,ST,2.5,2.5,Low
CU,40,1937,1,CU,2.5,1.5,Very Low
CI,100,1937,1,CI,5.0,1.5,Low
CON,900,2008,1,CON,2.5,4.0,Moderate
YDI,500,1981,1,DI,2.5,3.5,Moderate
YDI,500,1983,1,DI,2.5,3.5,Moderate
PVCG,100,1992,1,PVC,1.5,1.5,Very Low
PE,150,2008,1,PE,1.5,1.5,Very Low
AC,250,1960,1,AC,4.5,2.5,Moderate
PVCG,100,2002,1,PVC,1.5,1.5,Very Low
PE,450,2006,1,PE,1.5,3.5,Low
PVC,500,2003,1,PVC,1.5,3.5,Low
CON,1200,2000,1,CON,2.5,5.0,High
PE,450,2003,1,PE,1.5,3.5,Low
CU,50,1965,1,CU,2.5,1.5,Very Low
PE,350,2003,1,PE,1.5,3.5,Low
ST,250,1991,1,ST,2.5,2.5,Low
CU,50,1980,1,CU,2.0,1.5,Very Low
CON,1050,1984,1,CON,2.5,5.0,High
OTH,100,1945,1,OTHER,3.5,1.5,Low
CI,200,1911,1,CI,5.0,2.5,High
CI,100,1939,1,CI,5.0,1.5,Low
CI,100,1942,1,CI,5.0,1.5,Low
PVCG,100,1995,1,PVC,1.5,1.5,Very Low
PVC,100,1994,1,PVC,1.5,1.5,Very Low
PE,150,1979,1,PE,2.0,1.5,Very Low
CU,25,1950,1,CU,2.5,1.5,Very Low
CON,900,1965,1,CON,3.0,4.0,Moderate
ST,1200,1984,1,ST,2.5,5.0,High
PE,100,1993,1,PE,1.5,1.5,Very Low
CU,40,2002,1,CU,2.0,1.5,Very Low
YDI,200,1987,1,DI,2.5,2.5,Low
CU,50,1996,1,CU,2.0,1.5,Very Low
YST,600,1994,1,ST,2.5,4.0,Moderate
PE,125,2007,1,PE,1.5,1.5,Very Low
PE,75,2001,1,PE,1.5,1.5,Very Low
CON,450,1958,1,CON,3.0,3.5,Moderate
CON,600,1975,1,CON,5.0,4.0,Very High
CU,40,1984,1,CU,2.0,1.5,Very Low
DI,100,1974,1,DI,3.0,1.5,Low
ST,250,1955,1,ST,3.0,2.5,Low
FPVC,150,1977,1,PVC,2.0,1.5,Very Low
PE,300,2003,1,PE,1.5,2.5,Very Low
PE,50,1991,1,PE,1.5,1.5,Very Low
ST,50,1995,1,ST,2.5,1.5,Very Low
CU,25,1951,1,CU,2.5,1.5,Very Low
CI,250,1913,1,CI,5.0,2.5,High
CU,40,1912,1,CU,2.5,1.5,Very Low
CU,25,1930,1,CU,2.5,1.5,Very Low
CU,20,1911,1,CU,2.5,1.5,Very Low
CU,20,1989,1,CU,2.0,1.5,Very Low
YST,250,1997,1,ST,2.5,2.5,Low
PE,50,2014,1,PE,1.5,1.5,Very Low
YUDI,100,1980,1,DI,2.5,1.5,Very Low
CI,150,1918,1,CI,5.0,1.5,Low
YUDI,300,1982,1,DI,2.5,2.5,Low
TUDI,200,1977,1,DI,2.5,2.5,Low
YDI,300,2001,1,DI,2.5,2.5,Low
ST,300,1974,1,ST,3.0,2.5,Low
PE,200,2008,1,PE,1.5,2.5,Very Low
CU,50,1994,1,CU,2.0,1.5,Very Low
PE,200,2002,1,PE,1.5,2.5,Very Low
PE,400,2017,1,PE,1.5,3.5,Low
ST,1050,2000,1,ST,2.5,5.0,High
CU,50,1960,1,CU,2.5,1.5,Very Low
ST,150,1966,1,ST,3.0,1.5,Low
YST,300,1990,1,ST,2.5,2.5,Low
ST,150,1957,1,ST,3.0,1.5,Low
YUDI,200,1977,1,DI,2.5,2.5,Low
FPVC,200,1977,1,PVC,2.0,2.5,Low
YUDI,150,1976,1,DI,2.5,1.5,Very Low
PE,350,2002,1,PE,1.5,3.5,Low
ST,400,1970,1,ST,3.0,3.5,Moderate
ST,100,2017,1,ST,2.5,1.5,Very Low
CU,50,2004,1,CU,2.0,1.5,Very Low
PE,250,2016,1,PE,1.5,2.5,Very Low
ST,900,2020,1,ST,2.5,4.0,Moderate
CI,150,1915,1,CI,5.0,1.5,Low
PE,200,2015,1,PE,1.5,2.5,Very Low
PE,500,2018,1,PE,1.5,3.5,Low
UNK,150,1963,1,OTHER,3.5,1.5,Low
ST,75,2005,1,ST,2.5,1.5,Very Low
ST,1050,2018,1,ST,2.5,5.0,High
UNK,0,2017,1,OTHER,3.0,1.5,Low
YDI,300,1990,1,DI,2.5,2.5,Low
UNK,25,1994,1,OTHER,3.0,1.5,Low
PE,50,1995,1,PE,1.5,1.5,Very Low
CU,25,1978,1,CU,2.0,1.5,Very Low
PDI,150,2005,1,DI,2.5,1.5,Very Low
YDI,200,1992,1,DI,2.5,2.5,Low
UNK,25,1969,1,OTHER,3.5,1.5,Low
PVC,40,1979,1,PVC,2.0,1.5,Very Low
UNK,40,1985,1,OTHER,3.0,1.5,Low
UNK,150,1958,1,OTHER,3.5,1.5,Low
UNK,40,1972,1,OTHER,3.5,1.5,Low
CU,25,1988,1,CU,2.0,1.5,Very Low
PE,350,2016,1,PE,1.5,3.5,Low
UNK,300,1981,1,OTHER,3.0,2.5,Low
UNK,300,1973,1,OTHER,3.5,2.5,Moderate
ST,100,2007,1,ST,2.5,1.5,Very Low
PE,500,2017,1,PE,1.5,3.5,Low
PE,200,2017,1,PE,1.5,2.5,Very Low
DI,150,2005,1,DI,2.5,1.5,Very Low
CI,150,2001,1,CI,4.0,1.5,Low
PE,400,2018,1,PE,1.5,3.5,Low
PE,200,1990,1,PE,1.5,2.5,Very Low
CIPP,250,2020,1,CIPP,1.5,2.5,Very Low
ST,100,2003,1,ST,2.5,1.5,Very Low
CI,150,2017,1,CI,3.5,1.5,Low
PVC,750,2018,1,PVC,1.5,4.0,Low
PVC,750,2017,1,PVC,1.5,4.0,Low
ST,25,1900,1,ST,3.5,1.5,Low
CU,25,1985,1,CU,2.0,1.5,Very Low
UNK,50,2018,1,OTHER,3.0,1.5,Low
PE,100,2018,1,PE,1.5,1.5,Very Low
UNK,300,1957,1,OTHER,3.5,2.5,Moderate
OTH,150,1993,1,OTHER,3.0,1.5,Low
UNK,50,1997,1,OTHER,3.0,1.5,Low
CU,20,1978,1,CU,2.0,1.5,Very Low
PE,150,2002,1,PE,1.5,1.5,Very Low
CON,1050,1997,1,CON,2.5,5.0,High
CU,50,1914,1,CU,2.5,1.5,Very Low
PDI,300,1979,1,DI,2.5,2.5,Low
ST,300,1969,1,ST,3.0,2.5,Low
PE,200,2006,1,PE,1.5,2.5,Very Low
PE,150,2006,1,PE,1.5,1.5,Very Low
CI,100,1915,1,CI,5.0,1.5,Low
PVCG,300,1999,1,PVC,1.5,2.5,Very Low
ST,1050,1995,1,ST,2.5,5.0,High
ST,200,1975,1,ST,3.0,2.5,Low
ST,400,1994,1,ST,2.5,3.5,Moderate
PE,150,1980,1,PE,2.0,1.5,Very Low
CON,750,1992,1,CON,2.5,4.0,Moderate
PE,150,2013,1,PE,1.5,1.5,Very Low
PE,250,1995,1,PE,1.5,2.5,Very Low
CU,25,1912,1,CU,2.5,1.5,Very Low
YDI,250,1987,1,DI,2.5,2.5,Low
CU,50,1982,1,CU,2.0,1.5,Very Low
ST,150,2003,1,ST,2.5,1.5,Very Low
PE,200,1985,1,PE,2.0,2.5,Low
PE,125,2001,1,PE,1.5,1.5,Very Low
CU,40,1930,1,CU,2.5,1.5,Very Low
YUDI,300,1977,1,DI,2.5,2.5,Low
PE,50,1979,1,PE,2.0,1.5,Very Low
PE,200,1983,1,PE,2.0,2.5,Low
CU,25,1967,1,CU,2.5,1.5,Very Low
ST,200,1974,1,ST,3.0,2.5,Low
ST,900,1990,1,ST,2.5,4.0,Moderate
CON,1350,1981,1,CON,2.5,5.0,High
ST,75,1981,1,ST,2.5,1.5,Very Low
CON,900,1992,1,CON,2.5,4.0,Moderate
ST,150,1986,1,ST,2.5,1.5,Very Low
ST,150,1984,1,ST,2.5,1.5,Very Low
ST,100,1986,1,ST,2.5,1.5,Very Low
ST,100,1995,1,ST,2.5,1.5,Very Low
ST,100,1990,1,ST,2.5,1.5,Very Low
PE,250,2000,1,PE,1.5,2.5,Very Low
CU,32,1962,1,CU,2.5,1.5,Very Low
ST,100,1996,1,ST,2.5,1.5,Very Low
ST,150,1987,1,ST,2.5,1.5,Very Low
ST,0,1972,1,ST,3.0,1.5,Low
YDI,100,1977,1,DI,2.5,1.5,Very Low
PVC,600,2014,1,PVC,1.5,3.5,Low
YUDI,300,1978,1,DI,2.5,2.5,Low
ST,1200,2018,1,ST,2.5,5.0,High
PVC,150,1963,1,PVC,2.0,1.5,Very Low
YDI,200,1990,1,DI,2.5,2.5,Low
CU,25,1973,1,CU,2.5,1.5,Very Low
CI,50,1940,1,CI,5.0,1.5,Low
PVC,400,1960,1,PVC,2.0,3.5,Low
YST,400,1981,1,ST,2.5,3.5,Moderate
PE,40,2002,1,PE,1.5,1.5,Very Low
PE,150,1987,1,PE,1.5,1.5,Very Low
ST,200,1979,1,ST,2.5,2.5,Low
CON,1050,2005,1,CON,2.5,5.0,High
ST,100,2000,1,ST,2.5,1.5,Very Low
YDI,250,2005,1,DI,2.5,2.5,Low
CU,12,1961,1,CU,2.5,1.5,Very Low
YDI,200,2002,1,DI,2.5,2.5,Low
ST,100,2002,1,ST,2.5,1.5,Very Low
ST,900,2006,1,ST,2.5,4.0,Moderate
PVCG,150,2006,1,PVC,1.5,1.5,Very Low
PE,350,2006,1,PE,1.5,3.5,Low
CON,600,2004,1,CON,2.5,4.0,Moderate
CON,500,1991,1,CON,2.5,3.5,Moderate
CU,40,1960,1,CU,2.5,1.5,Very Low
PE,400,2005,1,PE,1.5,3.5,Low
PE,300,2010,1,PE,1.5,2.5,Very Low
PE,250,2012,1,PE,1.5,2.5,Very Low
PE,40,2008,1,PE,1.5,1.5,Very Low
PE,350,2004,1,PE,1.5,3.5,Low
CU,40,2011,1,CU,2.0,1.5,Very Low
ST,200,2011,1,ST,2.5,2.5,Low
CU,16,1938,1,CU,2.5,1.5,Very Low
CU,20,1935,1,CU,2.5,1.5,Very Low
CU,20,1937,1,CU,2.5,1.5,Very Low
CU,12,1941,1,CU,2.5,1.5,Very Low
CU,25,1939,1,CU,2.5,1.5,Very Low
CU,20,1947,1,CU,2.5,1.5,Very Low
CI,450,1950,1,CI,4.5,3.5,High
PE,40,2004,1,PE,1.5,1.5,Very Low
PE,250,2010,1,PE,1.5,2.5,Very Low
CU,50,1931,1,CU,2.5,1.5,Very Low
PE,250,2008,1,PE,1.5,2.5,Very Low
CU,40,1989,1,CU,2.0,1.5,Very Low
CU,25,1971,1,CU,2.5,1.5,Very Low
ST,75,1960,1,ST,3.0,1.5,Low
PE,50,2006,1,PE,1.5,1.5,Very Low
CU,25,1986,1,CU,2.0,1.5,Very Low
PE,400,2000,1,PE,1.5,3.5,Low
PE,250,2013,1,PE,1.5,2.5,Very Low
CU,25,1957,1,CU,2.5,1.5,Very Low
PE,450,2012,1,PE,1.5,3.5,Low
PE,500,2012,1,PE,1.5,3.5,Low
CU,20,1967,1,CU,2.5,1.5,Very Low
YDI,250,2010,1,DI,2.5,2.5,Low
DI,100,2012,1,DI,2.5,1.5,Very Low
AC,250,1959,1,AC,4.5,2.5,Moderate
CU,25,1936,1,CU,2.5,1.5,Very Low
YDI,150,2005,1,DI,2.5,1.5,Very Low
CON,750,1984,1,CON,2.5,4.0,Moderate
PVC,50,2003,1,PVC,1.5,1.5,Very Low
PE,350,2007,1,PE,1.5,3.5,Low
PE,200,2007,1,PE,1.5,2.5,Very Low
PVC,350,2013,1,PVC,1.5,3.5,Low
PE,200,2013,1,PE,1.5,2.5,Very Low
PE,350,2008,1,PE,1.5,3.5,Low
PE,450,2008,1,PE,1.5,3.5,Low
ST,400,2003,1,ST,2.5,3.5,Moderate
CON,1050,2007,1,CON,2.5,5.0,High
CON,1350,2006,1,CON,2.5,5.0,High
PDI,300,2016,1,DI,2.5,2.5,Low
CI,250,2000,1,CI,4.0,2.5,Moderate
CI,100,2010,1,CI,3.5,1.5,Low
CI,500,1963,1,CI,4.5,3.5,High
ST,300,1968,1,ST,3.0,2.5,Low
YST,300,1976,1,ST,2.5,2.5,Low
DI,150,2008,1,DI,2.5,1.5,Very Low
PE,300,2019,1,PE,1.5,2.5,Very Low
PE,250,2019,1,PE,1.5,2.5,Very Low
UNK,150,1979,1,OTHER,3.0,1.5,Low
CU,0,1969,1,CU,2.5,1.5,Very Low
ST,75,1964,1,ST,3.0,1.5,Low
CON,900,1951,1,CON,3.0,4.0,Moderate
DI,100,1977,1,DI,2.5,1.5,Very Low
PDI,200,1964,1,DI,3.0,2.5,Low
PE,350,2014,1,PE,1.5,3.5,Low
PE,200,1995,1,PE,1.5,2.5,Very Low
PRIM,150,2017,1,DI,2.5,1.5,Very Low
PE,125,2004,1,PE,1.5,1.5,Very Low
PE,150,1976,1,PE,2.0,1.5,Very Low
CU,40,1954,1,CU,2.5,1.5,Very Low
DI,250,2014,1,DI,2.5,2.5,Low
ST,100,2006,1,ST,2.5,1.5,Very Low
ST,75,2012,1,ST,2.5,1.5,Very Low
ST,600,2013,1,ST,2.5,4.0,Moderate
UNK,100,1973,1,OTHER,3.5,1.5,Low
CI,150,1987,1,CI,4.0,1.5,Low
ST,1118,2015,1,ST,2.5,5.0,High
ST,600,1952,1,ST,3.0,4.0,Moderate
CON,600,1986,1,CON,2.5,4.0,Moderate
AC,350,1969,1,AC,4.5,3.5,High
CU,50,1970,1,CU,2.5,1.5,Very Low
PE,150,2000,1,PE,1.5,1.5,Very Low
ST,750,2003,1,ST,2.5,4.0,Moderate
CON,1200,2002,1,CON,2.5,5.0,High
CON,600,1982,1,CON,2.5,4.0,Moderate
CU,20,1969,1,CU,2.5,1.5,Very Low
ST,300,1977,1,ST,2.5,2.5,Low
CU,40,1969,1,CU,2.5,1.5,Very Low
YST,150,1982,1,ST,2.5,1.5,Very Low
CON,1350,1977,1,CON,4.5,5.0,Very High
YDI,450,1981,1,DI,2.5,3.5,Moderate
CON,600,1956,1,CON,3.0,4.0,Moderate
PVC,350,1998,1,PVC,1.5,3.5,Low
CI,400,1952,1,CI,4.5,3.5,High
CU,50,1964,1,CU,2.5,1.5,Very Low
PE,150,2003,1,PE,1.5,1.5,Very Low
ST,150,1956,1,ST,3.0,1.5,Low
PE,200,1999,1,PE,1.5,2.5,Very Low
CON,400,1994,1,CON,2.5,3.5,Moderate
CU,32,1985,1,CU,2.0,1.5,Very Low
CU,50,1948,1,CU,2.5,1.5,Very Low
ST,200,1980,1,ST,2.5,2.5,Low
PE,250,2003,1,PE,1.5,2.5,Very Low
PE,350,1996,1,PE,1.5,3.5,Low
ST,400,1981,1,ST,2.5,3.5,Moderate
PE,400,1990,1,PE,1.5,3.5,Low
ST,250,1976,1,ST,2.5,2.5,Low
AC,200,1973,1,AC,4.5,2.5,Moderate
PVCG,300,2005,1,PVC,1.5,2.5,Very Low
YUDI,200,1981,1,DI,2.5,2.5,Low
YST,200,1978,1,ST,2.5,2.5,Low
PE,150,2001,1,PE,1.5,1.5,Very Low
YDI,250,1994,1,DI,2.5,2.5,Low
YST,250,1979,1,ST,2.5,2.5,Low
ST,300,1964,1,ST,3.0,2.5,Low
ST,250,1996,1,ST,2.5,2.5,Low
ST,1050,1993,1,ST,2.5,5.0,High
ST,150,1985,1,ST,2.5,1.5,Very Low
YUDI,400,1981,1,DI,2.5,3.5,Moderate
YDI,200,1996,1,DI,2.5,2.5,Low
ST,400,1990,1,ST,2.5,3.5,Moderate
PE,150,1982,1,PE,2.0,1.5,Very Low
YDI,250,1995,1,DI,2.5,2.5,Low
ST,300,1984,1,ST,2.5,2.5,Low
YST,200,1983,1,ST,2.5,2.5,Low
YUDI,100,1977,1,DI,2.5,1.5,Very Low
PDI,300,1978,1,DI,2.5,2.5,Low
ST,200,1984,1,ST,2.5,2.5,Low
YST,500,1986,1,ST,2.5,3.5,Moderate
YST,400,1986,1,ST,2.5,3.5,Moderate
FPVC,250,1977,1,PVC,2.0,2.5,Low
CI,500,1967,1,CI,4.5,3.5,High
YST,250,1974,1,ST,3.0,2.5,Low
CU,40,1985,1,CU,2.0,1.5,Very Low
PE,250,1991,1,PE,1.5,2.5,Very Low
ST,200,1990,1,ST,2.5,2.5,Low
YST,300,1987,1,ST,2.5,2.5,Low
PVC,400,1984,1,PVC,2.0,3.5,Low
ST,150,1999,1,ST,2.5,1.5,Very Low
CU,50,1912,1,CU,2.5,1.5,Very Low
CU,32,1957,1,CU,2.5,1.5,Very Low
ST,150,1900,1,ST,3.5,1.5,Low
PE,200,2018,1,PE,1.5,2.5,Very Low
PE,40,1990,1,PE,1.5,1.5,Very Low
YST,300,1991,1,ST,2.5,2.5,Low
PVCG,100,2001,1,PVC,1.5,1.5,Very Low
PVCG,150,2005,1,PVC,1.5,1.5,Very Low
CU,40,1956,1,CU,2.5,1.5,Very Low
PVC,100,1995,1,PVC,1.5,1.5,Very Low
CI,400,1966,1,CI,4.5,3.5,High
CI,50,1953,1,CI,4.5,1.5,Low
YST,150,1979,1,ST,2.5,1.5,Very Low
ST,300,1990,1,ST,2.5,2.5,Low
YST,250,1962,1,ST,3.0,2.5,Low
PVCG,300,2002,1,PVC,1.5,2.5,Very Low
CU,40,1940,1,CU,2.5,1.5,Very Low
CI,400,1954,1,CI,4.5,3.5,High
CI,150,1935,1,CI,5.0,1.5,Low
PDI,150,1900,1,DI,3.5,1.5,Low
ST,400,1961,1,ST,3.0,3.5,Moderate
PVC,350,2019,1,PVC,1.5,3.5,Low
CU,40,1959,1,CU,2.5,1.5,Very Low
CI,150,1934,1,CI,5.0,1.5,Low
PE,700,1994,1,PE,1.5,4.0,Low
AC,150,1973,1,AC,4.5,1.5,Low
CIPP,150,2018,1,CIPP,1.5,1.5,Very Low
ST,150,1998,1,ST,2.5,1.5,Very Low
PE,50,1986,1,PE,1.5,1.5,Very Low
PVCG,300,1989,1,PVC,1.5,2.5,Very Low
DI,150,1963,1,DI,3.0,1.5,Low
CON,1050,1992,1,CON,2.5,5.0,High
YDI,150,1994,1,DI,2.5,1.5,Very Low
ECI,300,1964,1,CI,4.5,2.5,Moderate
PVC,600,1998,1,PVC,1.5,3.5,Low
CI,100,1938,1,CI,5.0,1.5,Low
OTH,50,1910,1,OTHER,3.5,1.5,Low
ST,600,1974,1,ST,3.0,4.0,Moderate
CU,32,1979,1,CU,2.0,1.5,Very Low
CI,200,1940,1,CI,5.0,2.5,High
AC,150,1970,1,AC,4.5,1.5,Low
CU,20,1914,1,CU,2.5,1.5,Very Low
DI,200,2019,1,DI,2.5,2.5,Low
CU,25,1955,1,CU,2.5,1.5,Very Low
CU,75,1972,1,CU,2.5,1.5,Very Low
CU,50,1983,1,CU,2.0,1.5,Very Low
OTH,25,1951,1,OTHER,3.5,1.5,Low
ST,400,1947,1,ST,3.0,3.5,Moderate
CU,50,1961,1,CU,2.5,1.5,Very Low
ST,150,1982,1,ST,2.5,1.5,Very Low
PE,125,1979,1,PE,2.0,1.5,Very Low
PRIM,300,2017,1,DI,2.5,2.5,Low
PVC,400,1981,1,PVC,2.0,3.5,Low
ECI,100,1965,1,CI,4.5,1.5,Low
ST,200,1977,1,ST,2.5,2.5,Low
ST,500,1930,1,ST,3.5,3.5,High
PE,150,1995,1,PE,1.5,1.5,Very Low
ST,150,1954,1,ST,3.0,1.5,Low
YST,150,1996,1,ST,2.5,1.5,Very Low
CU,20,1958,1,CU,2.5,1.5,Very Low
YST,250,1986,1,ST,2.5,2.5,Low
CI,200,1912,1,CI,5.0,2.5,High
PDI,100,1969,1,DI,3.0,1.5,Low
CON,600,1961,1,CON,3.0,4.0,Moderate
PE,200,1994,1,PE,1.5,2.5,Very Low
AC,150,1961,1,AC,4.5,1.5,Low
YDI,150,2007,1,DI,2.5,1.5,Very Low
PVC,600,1988,1,PVC,1.5,3.5,Low
PEG,150,1997,1,PVC,1.5,1.5,Very Low
ST,500,1987,1,ST,2.5,3.5,Moderate
ST,1950,1975,1,ST,3.0,5.0,High
YST,250,1975,1,ST,3.0,2.5,Low
PDI,300,2021,1,DI,2.5,2.5,Low
PE,250,2020,1,PE,1.5,2.5,Very Low
YDI,350,2017,1,DI,2.5,3.5,Moderate
AC,250,1973,1,AC,4.5,2.5,Moderate
UNK,20,1985,1,OTHER,3.0,1.5,Low
UNK,50,1985,1,OTHER,3.0,1.5,Low
UNK,25,1967,1,OTHER,3.5,1.5,Low
PVC,150,1961,1,PVC,2.0,1.5,Very Low
YDI,100,1981,1,DI,2.5,1.5,Very Low
PE,450,2017,1,PE,1.5,3.5,Low
UNK,50,2021,1,OTHER,3.0,1.5,Low
ST,300,2033,1,ST,2.5,2.5,Low
PE,0,2023,1,PE,1.5,1.5,Very Low
ST,150,2020,1,ST,2.5,1.5,Very Low
UNK,150,1984,1,OTHER,3.0,1.5,Low
UNK,50,2022,1,OTHER,3.0,1.5,Low
CU,40,1966,1,CU,2.5,1.5,Very Low
PVC,150,1959,1,PVC,2.0,1.5,Very Low
CU,50,1993,1,CU,2.0,1.5,Very Low
CI,150,2002,1,CI,4.0,1.5,Low
CI,150,1982,1,CI,4.0,1.5,Low
PE,50,2003,1,PE,1.5,1.5,Very Low
PE,100,2003,1,PE,1.5,1.5,Very Low
CI,200,2020,1,CI,3.5,2.5,Moderate
ST,250,1985,1,ST,2.5,2.5,Low
CI,100,1973,1,CI,4.5,1.5,Low
PE,300,2006,1,PE,1.5,2.5,Very Low
PE,400,2021,1,PE,1.5,3.5,Low
PE,300,2021,1,PE,1.5,2.5,Very Low
PE,450,2021,1,PE,1.5,3.5,Low
YST,350,1999,1,ST,2.5,3.5,Moderate
PE,100,1970,1,PE,2.0,1.5,Very Low
ECI,150,2003,1,CI,4.0,1.5,Low
ST,150,1975,1,ST,3.0,1.5,Low
PE,200,2003,1,PE,1.5,2.5,Very Low
PVC,500,2019,1,PVC,1.5,3.5,Low
ST,1200,2019,1,ST,2.5,5.0,High
PE,250,2022,1,PE,1.5,2.5,Very Low
PE,200,2022,1,PE,1.5,2.5,Very Low
CI,250,1982,1,CI,4.0,2.5,Moderate
CI,150,1985,1,CI,4.0,1.5,Low
CI,150,1999,1,CI,4.0,1.5,Low
ST,450,2023,1,ST,2.5,3.5,Moderate
PVC,500,2023,1,PVC,1.5,3.5,Low
UNK,100,1992,1,OTHER,3.0,1.5,Low
CI,150,2019,1,CI,3.5,1.5,Low
PE,150,2020,1,PE,1.5,1.5,Very Low
UNK,50,2020,1,OTHER,3.0,1.5,Low
YDI,200,2019,1,DI,2.5,2.5,Low
UNK,100,2017,1,OTHER,3.0,1.5,Low
UNK,100,1977,1,OTHER,3.0,1.5,Low
PE,50,2015,1,PE,1.5,1.5,Very Low
CI,400,1963,1,CI,4.5,3.5,High
CON,600,2006,1,CON,2.5,4.0,Moderate
CON,1200,1977,1,CON,4.5,5.0,Very High
PE,0,2017,1,PE,1.5,1.5,Very Low
PE,50,2008,1,PE,1.5,1.5,Very Low
CI,600,1955,1,CI,4.5,3.5,High
ST,100,1971,1,ST,3.0,1.5,Low
YDI,300,2021,1,DI,2.5,2.5,Low
CON,400,1956,1,CON,3.0,3.5,Moderate
PE,300,2020,1,PE,1.5,2.5,Very Low
PE,200,2023,1,PE,1.5,2.5,Very Low
CU,25,1947,1,CU,2.5,1.5,Very Low
CU,50,1955,1,CU,2.5,1.5,Very Low
CU,50,1950,1,CU,2.5,1.5,Very Low
CU,15,1957,1,CU,2.5,1.5,Very Low
YDI,150,2016,1,DI,2.5,1.5,Very Low
CU,12,1942,1,CU,2.5,1.5,Very Low
CU,12,1937,1,CU,2.5,1.5,Very Low
YDI,100,2018,1,DI,2.5,1.5,Very Low
CI,150,1971,1,CI,4.5,1.5,Low
YDI,150,2006,1,DI,2.5,1.5,Very Low
DI,100,1970,1,DI,3.0,1.5,Low
ST,400,1962,1,ST,3.0,3.5,Moderate
CI,300,1982,1,CI,4.0,2.5,Moderate
CI,200,1982,1,CI,4.0,2.5,Moderate
UNK,150,1975,1,OTHER,3.5,1.5,Low
BDI,200,2016,1,DI,2.5,2.5,Low
UNK,150,2016,1,OTHER,3.0,1.5,Low
UNK,150,1994,1,OTHER,3.0,1.5,Low
ST,1350,2022,1,ST,2.5,5.0,High
CU,25,1989,1,CU,2.0,1.5,Very Low
ST,1350,2020,1,ST,2.5,5.0,High
PVC,300,2029,1,PVC,1.5,2.5,Very Low
ST,100,2021,1,ST,2.5,1.5,Very Low
ST,250,2021,1,ST,2.5,2.5,Low
CU,20,1944,1,CU,2.5,1.5,Very Low
CU,50,2016,1,CU,2.0,1.5,Very Low
UNK,250,2008,1,OTHER,3.0,2.5,Low
CI,150,1996,1,CI,4.0,1.5,Low
UNK,150,1978,1,OTHER,3.0,1.5,Low
OTH,150,2012,1,OTHER,3.0,1.5,Low
CI,450,1951,1,CI,4.5,3.5,High
CI,150,2021,1,CI,3.5,1.5,Low
UNK,150,2023,1,OTHER,3.0,1.5,Low
ST,400,1955,1,ST,3.0,3.5,Moderate
DI,250,1977,1,DI,2.5,2.5,Low
CI,150,2023,1,CI,3.5,1.5,Low
CI,150,1976,1,CI,4.0,1.5,Low
UNK,150,1976,1,OTHER,3.0,1.5,Low
ST,500,1965,1,ST,3.0,3.5,Moderate
CI,300,1969,1,CI,4.5,2.5,Moderate
CI,500,1929,1,CI,5.0,3.5,Very High
UNK,150,2004,1,OTHER,3.0,1.5,Low
UNK,150,2008,1,OTHER,3.0,1.5,Low
CI,200,2023,1,CI,3.5,2.5,Moderate
DI,200,1953,1,DI,3.0,2.5,Low
ST,1950,2024,1,ST,2.5,5.0,High
PDI,150,2006,1,DI,2.5,1.5,Very Low
CU,40,1953,1,CU,2.5,1.5,Very Low
CU,25,2023,1,CU,2.0,1.5,Very Low
ST,300,2010,1,ST,2.5,2.5,Low
UNK,150,1972,1,OTHER,3.5,1.5,Low
PDI,100,2003,1,DI,2.5,1.5,Very Low
ST,600,2023,1,ST,2.5,4.0,Moderate
CU,0,1964,1,CU,2.5,1.5,Very Low
PVC,100,1981,1,PVC,2.0,1.5,Very Low
PE,100,1997,1,PE,1.5,1.5,Very Low
CU,75,1964,1,CU,2.5,1.5,Very Low
PE,500,2013,1,PE,1.5,3.5,Low
PE,350,1991,1,PE,1.5,3.5,Low
PE,500,1991,1,PE,1.5,3.5,Low
UNK,150,1993,1,OTHER,3.0,1.5,Low
DI,200,2020,1,DI,2.5,2.5,Low
UNK,50,2024,1,OTHER,3.0,1.5,Low
AC,400,1966,1,AC,4.5,3.5,High
PVC,40,2024,1,PVC,1.5,1.5,Very Low
PE,25,2024,1,PE,1.5,1.5,Very Low
PVC,150,1969,1,PVC,2.0,1.5,Very Low
PE,450,2023,1,PE,1.5,3.5,Low
UNK,250,1974,1,OTHER,3.5,2.5,Moderate
PVC,200,2025,1,PVC,1.5,2.5,Very Low
PVC,38,2021,1,PVC,1.5,1.5,Very Low
